OTU_ID	Abundance_RPKs	taxonomy
1.1.1.1	0.000347115
1.1.1.1|g__Faecalibacterium|s__Faecalibacterium_prausnitzii	0.000347115
1.1.1.100	0.00126152
1.1.1.100|g__Bacteroides|s__Bacteroides_cellulosilyticus	0.000505787
1.1.1.100|g__Bacteroides|s__Bacteroides_fragilis	0.000505787
1.1.1.100|g__Bacteroides|s__Bacteroides_stercoris	0.000250276
1.1.1.103	0.00263853
1.1.1.103|g__Bacteroides|s__Bacteroides_stercoris	0.00263853
1.1.1.169	0.00439897
1.1.1.169|g__Bacteroides|s__Bacteroides_fragilis	0.000974278
1.1.1.169|g__Bacteroides|s__Bacteroides_ovatus	0.00129358
1.1.1.169|g__Bacteroides|s__Bacteroides_stercoris	0.00213144
1.1.1.205	0.00330364
1.1.1.205|g__Alistipes|s__Alistipes_putredinis	0.000476343
1.1.1.205|g__Bacteroides|s__Bacteroides_fragilis	0.000356603
1.1.1.205|g__Bacteroides|s__Bacteroides_ovatus	0.000468818
1.1.1.205|g__Bacteroides|s__Bacteroides_stercoris	0.0015311
1.1.1.205|g__Parabacteroides|s__Parabacteroides_distasonis	0.000470781
1.1.1.22	0.00132859
1.1.1.22|g__Bacteroides|s__Bacteroides_fragilis	0.00026369
1.1.1.22|g__Bacteroides|s__Bacteroides_ovatus	0.00106457
1.1.1.23	0.00194561
1.1.1.23|g__Bacteroides|s__Bacteroides_fragilis	0.000135116
1.1.1.23|g__Bacteroides|s__Bacteroides_ovatus	0.000676891
1.1.1.23|g__Bacteroides|s__Bacteroides_stercoris	0.000855846
1.1.1.23|g__Faecalibacterium|s__Faecalibacterium_prausnitzii	0.000277757
1.1.1.262	0.00366679
1.1.1.262|g__Alistipes|s__Alistipes_putredinis	0.000319961
1.1.1.262|g__Bacteroides|s__Bacteroides_fragilis	0.00032585
1.1.1.262|g__Bacteroides|s__Bacteroides_ovatus	0.00129947
1.1.1.262|g__Bacteroides|s__Bacteroides_stercoris	0.00172151
1.1.1.267	0.00245172
1.1.1.267|g__Alistipes|s__Alistipes_putredinis	0.000932401
1.1.1.267|g__Bacteroides|s__Bacteroides_cellulosilyticus	0.000307202
1.1.1.267|g__Bacteroides|s__Bacteroides_fragilis	0.000900994
1.1.1.267|g__Faecalibacterium|s__Faecalibacterium_prausnitzii	0.000311128
1.1.1.271	0.00163677
1.1.1.271|g__Bacteroides|s__Bacteroides_ovatus	0.000673619
1.1.1.271|g__Bacteroides|s__Bacteroides_stercoris	0.000963154
1.1.1.290	0.0017732
1.1.1.290|g__Bacteroides|s__Bacteroides_stercoris	0.00101975
1.1.1.290|g__Faecalibacterium|s__Faecalibacterium_prausnitzii	0.000753446
1.1.1.37	0.00498884
1.1.1.37|g__Bacteroides|s__Bacteroides_cellulosilyticus	0.000775365
1.1.1.37|g__Bacteroides|s__Bacteroides_ovatus	0.000742649
1.1.1.37|g__Bacteroides|s__Bacteroides_stercoris	0.0034705
1.1.1.40	0.000275467
1.1.1.40|g__Alistipes|s__Alistipes_putredinis	0.000275467
1.1.1.42	0.000593465
1.1.1.42|g__Bacteroides|s__Bacteroides_ovatus	0.00030393
1.1.1.42|g__Faecalibacterium|s__Faecalibacterium_prausnitzii	0.000289535
1.1.1.44	0.00141169
1.1.1.44|g__Bacteroides|s__Bacteroides_ovatus	0.000225412
1.1.1.44|g__Bacteroides|s__Bacteroides_stercoris	0.00118628
1.1.1.49	0.00371881
1.1.1.49|g__Bacteroides|s__Bacteroides_ovatus	0.000681144
1.1.1.49|g__Bacteroides|s__Bacteroides_stercoris	0.00303767
1.1.1.57	0.000266307
1.1.1.57|g__Bacteroides|s__Bacteroides_ovatus	0.000266307
1.1.1.58	0.00048812
1.1.1.58|g__Bacteroides|s__Bacteroides_cellulosilyticus	0.00024406
1.1.1.58|g__Bacteroides|s__Bacteroides_ovatus	0.00024406
1.1.1.67	0.000266307
1.1.1.67|g__Bacteroides|s__Bacteroides_ovatus	0.000266307
1.1.1.69	0.00295817
1.1.1.69|g__Bacteroides|s__Bacteroides_ovatus	0.00139337
1.1.1.69|g__Bacteroides|s__Bacteroides_stercoris	0.00156447
1.1.1.77	0.000615712
1.1.1.77|g__Bacteroides|s__Bacteroides_ovatus	0.000310146
1.1.1.77|g__Faecalibacterium|s__Faecalibacterium_prausnitzii	0.000305893
1.1.1.85	0.00202413
1.1.1.85|g__Bacteroides|s__Bacteroides_fragilis	0.000677218
1.1.1.85|g__Bacteroides|s__Bacteroides_ovatus	0.000332393
1.1.1.85|g__Bacteroides|s__Bacteroides_stercoris	0.000681798
1.1.1.85|g__Faecalibacterium|s__Faecalibacterium_prausnitzii	0.000332393
1.1.1.86	0.00191649
1.1.1.86|g__Bacteroides|s__Bacteroides_fragilis	0.000346461
1.1.1.86|g__Bacteroides|s__Bacteroides_stercoris	0.00121637
1.1.1.86|g__Faecalibacterium|s__Faecalibacterium_prausnitzii	0.000353658
1.1.1.95	0.000616693
1.1.1.95|g__Faecalibacterium|s__Faecalibacterium_prausnitzii	0.000616693
1.1.5.3	0.00260189
1.1.5.3|g__Bacteroides|s__Bacteroides_stercoris	0.00260189
1.11.1.15	0.000113524
1.11.1.15|g__Bacteroides|s__Bacteroides_ovatus	0.000113524
1.11.1.6	0.000466528
1.11.1.6|g__Alistipes|s__Alistipes_putredinis	0.000466528
1.15.1.1	0.00454456
1.15.1.1|g__Bacteroides|s__Bacteroides_cellulosilyticus	0.0012733
1.15.1.1|g__Bacteroides|s__Bacteroides_ovatus	0.000639595
1.15.1.1|g__Bacteroides|s__Bacteroides_stercoris	0.00263166
1.16.3.2	0.0110102
1.16.3.2|g__Alistipes|s__Alistipes_putredinis	0.000775365
1.16.3.2|g__Bacteroides|s__Bacteroides_ovatus	0.000861081
1.16.3.2|g__Bacteroides|s__Bacteroides_stercoris	0.00809521
1.16.3.2|g__Parabacteroides|s__Parabacteroides_distasonis	0.00127853
1.17.1.2	0.0033465
1.17.1.2|g__Bacteroides|s__Bacteroides_fragilis	0.000423343
1.17.1.2|g__Bacteroides|s__Bacteroides_stercoris	0.00292349
1.17.1.8	0.00378391
1.17.1.8|g__Bacteroides|s__Bacteroides_fragilis	0.000520182
1.17.1.8|g__Bacteroides|s__Bacteroides_ovatus	0.000972969
1.17.1.8|g__Bacteroides|s__Bacteroides_stercoris	0.00229076
1.17.7.3	0.00316558
1.17.7.3|g__Alistipes|s__Alistipes_putredinis	0.00023261
1.17.7.3|g__Bacteroides|s__Bacteroides_cellulosilyticus	0.00058365
1.17.7.3|g__Bacteroides|s__Bacteroides_ovatus	0.000559441
1.17.7.3|g__Bacteroides|s__Bacteroides_stercoris	0.0014444
1.17.7.3|g__Faecalibacterium|s__Faecalibacterium_prausnitzii	0.000345479
1.2.1.11	0.00256852
1.2.1.11|g__Bacteroides|s__Bacteroides_cellulosilyticus	0.000424324
1.2.1.11|g__Bacteroides|s__Bacteroides_fragilis	0.000344498
1.2.1.11|g__Bacteroides|s__Bacteroides_ovatus	0.000360201
1.2.1.11|g__Bacteroides|s__Bacteroides_stercoris	0.0014395
1.2.1.12	0.000724656
1.2.1.12|g__Bacteroides|s__Bacteroides_fragilis	0.000724656
1.2.1.38	0.00213667
1.2.1.38|g__Bacteroides|s__Bacteroides_ovatus	0.000376559
1.2.1.38|g__Bacteroides|s__Bacteroides_stercoris	0.00150591
1.2.1.38|g__Faecalibacterium|s__Faecalibacterium_prausnitzii	0.000254202
1.2.1.41	0.00380322
1.2.1.41|g__Bacteroides|s__Bacteroides_cellulosilyticus	0.000284301
1.2.1.41|g__Bacteroides|s__Bacteroides_ovatus	0.000282665
1.2.1.41|g__Bacteroides|s__Bacteroides_stercoris	0.00283188
1.2.1.41|g__Faecalibacterium|s__Faecalibacterium_prausnitzii	0.000404368
1.2.7.8	0.00196622
1.2.7.8|g__Bacteroides|s__Bacteroides_cellulosilyticus	0.000657261
1.2.7.8|g__Bacteroides|s__Bacteroides_stercoris	0.00109107
1.2.7.8|g__Parabacteroides|s__Parabacteroides_distasonis	0.000217887
1.3.1.12	0.000855846
1.3.1.12|g__Faecalibacterium|s__Faecalibacterium_prausnitzii	0.000855846
1.3.1.14	0.00138813
1.3.1.14|g__Bacteroides|s__Bacteroides_ovatus	0.000991617
1.3.1.14|g__Parabacteroides|s__Parabacteroides_distasonis	0.000396516
1.3.1.9	0.00330234
1.3.1.9|g__Bacteroides|s__Bacteroides_ovatus	0.00159719
1.3.1.9|g__Bacteroides|s__Bacteroides_stercoris	0.00127755
1.3.1.9|g__Parabacteroides|s__Parabacteroides_distasonis	0.000427596
1.3.1.98	0.0031296
1.3.1.98|g__Alistipes|s__Alistipes_putredinis	0.00035922
1.3.1.98|g__Bacteroides|s__Bacteroides_cellulosilyticus	0.0003638
1.3.1.98|g__Bacteroides|s__Bacteroides_ovatus	0.000366417
1.3.1.98|g__Bacteroides|s__Bacteroides_stercoris	0.00204049
1.3.3.1	0.000745267
1.3.3.1|g__Bacteroides|s__Bacteroides_ovatus	0.000745267
1.3.99.2	0.000300004
1.3.99.2|g__Faecalibacterium|s__Faecalibacterium_prausnitzii	0.000300004
1.3.99.22	0.000762606
1.3.99.22|g__Bacteroides|s__Bacteroides_fragilis	0.000445262
1.3.99.22|g__Bacteroides|s__Bacteroides_ovatus	0.000317344
1.3.99.5	0.00047896
1.3.99.5|g__Bacteroides|s__Bacteroides_ovatus	0.00047896
1.4.1.1	0.00421216
1.4.1.1|g__Alistipes|s__Alistipes_putredinis	0.000647773
1.4.1.1|g__Bacteroides|s__Bacteroides_fragilis	0.000321269
1.4.1.1|g__Bacteroides|s__Bacteroides_ovatus	0.000324868
1.4.1.1|g__Bacteroides|s__Bacteroides_stercoris	0.00291793
1.4.1.16	0.004256
1.4.1.16|g__Bacteroides|s__Bacteroides_cellulosilyticus	0.000408948
1.4.1.16|g__Bacteroides|s__Bacteroides_fragilis	0.000396516
1.4.1.16|g__Bacteroides|s__Bacteroides_stercoris	0.00345054
1.4.1.2	0.00306482
1.4.1.2|g__Bacteroides|s__Bacteroides_cellulosilyticus	0.00121572
1.4.1.2|g__Bacteroides|s__Bacteroides_ovatus	0.000528034
1.4.1.2|g__Bacteroides|s__Bacteroides_stercoris	0.00132139
1.4.1.3	0.0022021
1.4.1.3|g__Bacteroides|s__Bacteroides_cellulosilyticus	0.000264344
1.4.1.3|g__Bacteroides|s__Bacteroides_stercoris	0.00193776
1.4.3.16	0.00226426
1.4.3.16|g__Bacteroides|s__Bacteroides_fragilis	0.000222141
1.4.3.16|g__Bacteroides|s__Bacteroides_ovatus	0.000102073
1.4.3.16|g__Bacteroides|s__Bacteroides_stercoris	0.00194005
1.4.3.5	0.00113328
1.4.3.5|g__Bacteroides|s__Bacteroides_fragilis	0.000271869
1.4.3.5|g__Bacteroides|s__Bacteroides_ovatus	0.000295424
1.4.3.5|g__Bacteroides|s__Bacteroides_stercoris	0.000565984
1.5.1.2	0.00568732
1.5.1.2|g__Alistipes|s__Alistipes_putredinis	0.00047667
1.5.1.2|g__Bacteroides|s__Bacteroides_ovatus	0.00233395
1.5.1.2|g__Bacteroides|s__Bacteroides_stercoris	0.0024141
1.5.1.2|g__Faecalibacterium|s__Faecalibacterium_prausnitzii	0.000462602
1.5.1.20	0.00392884
1.5.1.20|g__Alistipes|s__Alistipes_putredinis	0.00113
1.5.1.20|g__Bacteroides|s__Bacteroides_cellulosilyticus	0.000260745
1.5.1.20|g__Bacteroides|s__Bacteroides_fragilis	0.000383102
1.5.1.20|g__Bacteroides|s__Bacteroides_stercoris	0.00215499
1.5.1.3	0.00332
1.5.1.3|g__Bacteroides|s__Bacteroides_stercoris	0.00332
1.6.5.11	0.0261779
1.6.5.11|g__Alistipes|s__Alistipes_putredinis	0.00198781
1.6.5.11|g__Bacteroides|s__Bacteroides_cellulosilyticus	0.00103447
1.6.5.11|g__Bacteroides|s__Bacteroides_fragilis	0.00513442
1.6.5.11|g__Bacteroides|s__Bacteroides_ovatus	0.00526758
1.6.5.11|g__Bacteroides|s__Bacteroides_stercoris	0.0127536
1.6.5.8	0.0181069
1.6.5.8|g__Alistipes|s__Alistipes_putredinis	0.00121997
1.6.5.8|g__Bacteroides|s__Bacteroides_cellulosilyticus	0.0018118
1.6.5.8|g__Bacteroides|s__Bacteroides_fragilis	0.00252697
1.6.5.8|g__Bacteroides|s__Bacteroides_ovatus	0.00292512
1.6.5.8|g__Bacteroides|s__Bacteroides_stercoris	0.00962271
1.6.99.3	0.000251912
1.6.99.3|g__Bacteroides|s__Bacteroides_ovatus	0.000251912
1.7.1.13	0.00688112
1.7.1.13|g__Bacteroides|s__Bacteroides_cellulosilyticus	0.000918988
1.7.1.13|g__Bacteroides|s__Bacteroides_ovatus	0.00183209
1.7.1.13|g__Bacteroides|s__Bacteroides_stercoris	0.00413037
1.7.2.2	0.00107308
1.7.2.2|g__Bacteroides|s__Bacteroides_cellulosilyticus	0.000236535
1.7.2.2|g__Bacteroides|s__Bacteroides_ovatus	0.000473398
1.7.2.2|g__Parabacteroides|s__Parabacteroides_distasonis	0.000362819
1.7.99.1	0.00150624
1.7.99.1|g__Bacteroides|s__Bacteroides_cellulosilyticus	0.00021069
1.7.99.1|g__Bacteroides|s__Bacteroides_ovatus	0.000852902
1.7.99.1|g__Faecalibacterium|s__Faecalibacterium_prausnitzii	0.000442645
1.8.1.4	0.00556398
1.8.1.4|g__Alistipes|s__Alistipes_putredinis	0.000128246
1.8.1.4|g__Bacteroides|s__Bacteroides_fragilis	0.000526071
1.8.1.4|g__Bacteroides|s__Bacteroides_ovatus	0.00130274
1.8.1.4|g__Bacteroides|s__Bacteroides_stercoris	0.00334487
1.8.1.4|g__Parabacteroides|s__Parabacteroides_distasonis	0.000262381
1.8.1.9	0.00154811
1.8.1.9|g__Bacteroides|s__Bacteroides_fragilis	0.00038572
1.8.1.9|g__Bacteroides|s__Bacteroides_ovatus	0.000384411
1.8.1.9|g__Bacteroides|s__Bacteroides_stercoris	0.000777983
1.8.4.11	0.00085421
1.8.4.11|g__Faecalibacterium|s__Faecalibacterium_prausnitzii	0.00085421
1.97.1.4	0.00582734
1.97.1.4|g__Bacteroides|s__Bacteroides_ovatus	0.000628144
1.97.1.4|g__Bacteroides|s__Bacteroides_stercoris	0.00356079
1.97.1.4|g__Faecalibacterium|s__Faecalibacterium_prausnitzii	0.00163841
2.1.1.13	8.96414e-05
2.1.1.13|g__Alistipes|s__Alistipes_putredinis	8.96414e-05
2.1.1.131	0.000499571
2.1.1.131|g__Bacteroides|s__Bacteroides_fragilis	0.000499571
2.1.1.163	0.00488218
2.1.1.163|g__Bacteroides|s__Bacteroides_ovatus	0.00102564
2.1.1.163|g__Bacteroides|s__Bacteroides_stercoris	0.00385654
2.1.1.177	0.00403452
2.1.1.177|g__Alistipes|s__Alistipes_putredinis	0.00141005
2.1.1.177|g__Bacteroides|s__Bacteroides_stercoris	0.00262414
2.1.1.181	0.000319961
2.1.1.181|g__Bacteroides|s__Bacteroides_fragilis	0.000319961
2.1.1.182	0.00222206
2.1.1.182|g__Bacteroides|s__Bacteroides_stercoris	0.000937309
2.1.1.182|g__Faecalibacterium|s__Faecalibacterium_prausnitzii	0.00128475
2.1.1.192	0.00181769
2.1.1.192|g__Bacteroides|s__Bacteroides_ovatus	0.000777001
2.1.1.192|g__Bacteroides|s__Bacteroides_stercoris	0.00104069
2.1.1.193	0.00336351
2.1.1.193|g__Bacteroides|s__Bacteroides_stercoris	0.00161093
2.1.1.193|g__Faecalibacterium|s__Faecalibacterium_prausnitzii	0.00175259
2.1.1.197	0.00257866
2.1.1.197|g__Bacteroides|s__Bacteroides_fragilis	0.000237844
2.1.1.197|g__Bacteroides|s__Bacteroides_stercoris	0.00184681
2.1.1.197|g__Parabacteroides|s__Parabacteroides_distasonis	0.000494336
2.1.1.198	0.000852902
2.1.1.198|g__Bacteroides|s__Bacteroides_stercoris	0.000852902
2.1.1.199	0.0017961
2.1.1.199|g__Bacteroides|s__Bacteroides_ovatus	0.0003903
2.1.1.199|g__Bacteroides|s__Bacteroides_stercoris	0.0014058
2.1.1.207	0.000802847
2.1.1.207|g__Faecalibacterium|s__Faecalibacterium_prausnitzii	0.000802847
2.1.1.223	0.00267452
2.1.1.223|g__Bacteroides|s__Bacteroides_stercoris	0.00267452
2.1.1.228	0.000850939
2.1.1.228|g__Bacteroides|s__Bacteroides_ovatus	0.000565984
2.1.1.228|g__Faecalibacterium|s__Faecalibacterium_prausnitzii	0.000284955
2.1.1.297	0.000887253
2.1.1.297|g__Bacteroides|s__Bacteroides_fragilis	0.000887253
2.1.1.33	0.0026683
2.1.1.33|g__Bacteroides|s__Bacteroides_cellulosilyticus	0.000470127
2.1.1.33|g__Bacteroides|s__Bacteroides_ovatus	0.000496299
2.1.1.33|g__Bacteroides|s__Bacteroides_stercoris	0.00170188
2.1.1.37	0.00061015
2.1.1.37|g__Bacteroides|s__Bacteroides_stercoris	0.000332393
2.1.1.37|g__Parabacteroides|s__Parabacteroides_distasonis	0.000277757
2.1.1.45	0.00278902
2.1.1.45|g__Bacteroides|s__Bacteroides_stercoris	0.00278902
2.1.1.63	0.000216579
2.1.1.63|g__Bacteroides|s__Bacteroides_ovatus	0.000216579
2.1.1.72	0.00125171
2.1.1.72|g__Bacteroides|s__Bacteroides_fragilis	0.000788779
2.1.1.72|g__Faecalibacterium|s__Faecalibacterium_prausnitzii	0.000462929
2.1.1.74	0.000256819
2.1.1.74|g__Faecalibacterium|s__Faecalibacterium_prausnitzii	0.000256819
2.1.2.1	0.00331477
2.1.2.1|g__Alistipes|s__Alistipes_putredinis	0.000123993
2.1.2.1|g__Bacteroides|s__Bacteroides_ovatus	0.00138453
2.1.2.1|g__Bacteroides|s__Bacteroides_stercoris	0.00152259
2.1.2.1|g__Faecalibacterium|s__Faecalibacterium_prausnitzii	0.000283646
2.1.2.10	0.000985074
2.1.2.10|g__Alistipes|s__Alistipes_putredinis	0.000323887
2.1.2.10|g__Bacteroides|s__Bacteroides_fragilis	0.000329448
2.1.2.10|g__Bacteroides|s__Bacteroides_ovatus	0.000331739
2.1.2.11	0.00254758
2.1.2.11|g__Bacteroides|s__Bacteroides_cellulosilyticus	0.000217233
2.1.2.11|g__Bacteroides|s__Bacteroides_fragilis	0.000453114
2.1.2.11|g__Bacteroides|s__Bacteroides_stercoris	0.00187723
2.1.2.2	0.000958574
2.1.2.2|g__Alistipes|s__Alistipes_putredinis	0.000350387
2.1.2.2|g__Bacteroides|s__Bacteroides_stercoris	0.000608514
2.1.2.3	0.000302294
2.1.2.3|g__Faecalibacterium|s__Faecalibacterium_prausnitzii	0.000302294
2.1.2.5	0.00184485
2.1.2.5|g__Bacteroides|s__Bacteroides_stercoris	0.00184485
2.1.2.9	0.000750501
2.1.2.9|g__Bacteroides|s__Bacteroides_stercoris	0.000750501
2.1.3.2	0.00266994
2.1.3.2|g__Alistipes|s__Alistipes_putredinis	0.000331739
2.1.3.2|g__Bacteroides|s__Bacteroides_ovatus	0.000388664
2.1.3.2|g__Bacteroides|s__Bacteroides_stercoris	0.00156087
2.1.3.2|g__Faecalibacterium|s__Faecalibacterium_prausnitzii	0.000388664
2.1.3.9	0.00314007
2.1.3.9|g__Bacteroides|s__Bacteroides_fragilis	0.000763588
2.1.3.9|g__Bacteroides|s__Bacteroides_ovatus	0.000157036
2.1.3.9|g__Bacteroides|s__Bacteroides_stercoris	0.00221944
2.2.1.1	0.000381139
2.2.1.1|g__Faecalibacterium|s__Faecalibacterium_prausnitzii	0.000381139
2.2.1.2	0.000587249
2.2.1.2|g__Bacteroides|s__Bacteroides_ovatus	0.000587249
2.2.1.6	0.00256917
2.2.1.6|g__Bacteroides|s__Bacteroides_ovatus	0.000820513
2.2.1.6|g__Bacteroides|s__Bacteroides_stercoris	0.00112281
2.2.1.6|g__Faecalibacterium|s__Faecalibacterium_prausnitzii	0.000625854
2.2.1.7	0.00383659
2.2.1.7|g__Alistipes|s__Alistipes_putredinis	0.000365436
2.2.1.7|g__Bacteroides|s__Bacteroides_stercoris	0.00334094
2.2.1.7|g__Faecalibacterium|s__Faecalibacterium_prausnitzii	0.000129882
2.2.1.9	0.00323658
2.2.1.9|g__Bacteroides|s__Bacteroides_fragilis	0.000208727
2.2.1.9|g__Bacteroides|s__Bacteroides_ovatus	0.000208727
2.2.1.9|g__Bacteroides|s__Bacteroides_stercoris	0.00281945
2.3.1.129	0.00873971
2.3.1.129|g__Bacteroides|s__Bacteroides_cellulosilyticus	0.000489756
2.3.1.129|g__Bacteroides|s__Bacteroides_ovatus	0.00261563
2.3.1.129|g__Bacteroides|s__Bacteroides_stercoris	0.00563432
2.3.1.179	0.000854865
2.3.1.179|g__Alistipes|s__Alistipes_putredinis	0.000854865
2.3.1.180	0.00377901
2.3.1.180|g__Bacteroides|s__Bacteroides_cellulosilyticus	0.00036151
2.3.1.180|g__Bacteroides|s__Bacteroides_ovatus	0.000721711
2.3.1.180|g__Bacteroides|s__Bacteroides_stercoris	0.00269546
2.3.1.181	0.00356341
2.3.1.181|g__Bacteroides|s__Bacteroides_cellulosilyticus	0.000581033
2.3.1.181|g__Bacteroides|s__Bacteroides_ovatus	0.000393899
2.3.1.181|g__Bacteroides|s__Bacteroides_stercoris	0.00229927
2.3.1.181|g__Parabacteroides|s__Parabacteroides_distasonis	0.000288881
2.3.1.182	0.00183307
2.3.1.182|g__Bacteroides|s__Bacteroides_stercoris	0.00183307
2.3.1.222	0.00175749
2.3.1.222|g__Faecalibacterium|s__Faecalibacterium_prausnitzii	0.00175749
2.3.1.234	0.00299055
2.3.1.234|g__Alistipes|s__Alistipes_putredinis	0.000343189
2.3.1.234|g__Bacteroides|s__Bacteroides_stercoris	0.00264737
2.3.1.29	0.00234082
2.3.1.29|g__Bacteroides|s__Bacteroides_cellulosilyticus	0.000839815
2.3.1.29|g__Bacteroides|s__Bacteroides_fragilis	0.000300659
2.3.1.29|g__Bacteroides|s__Bacteroides_stercoris	0.00120002
2.3.1.30	0.00154975
2.3.1.30|g__Bacteroides|s__Bacteroides_ovatus	0.000406003
2.3.1.30|g__Faecalibacterium|s__Faecalibacterium_prausnitzii	0.00114407
2.3.1.39	0.00205259
2.3.1.39|g__Bacteroides|s__Bacteroides_stercoris	0.00166033
2.3.1.39|g__Faecalibacterium|s__Faecalibacterium_prausnitzii	0.00039259
2.3.1.46	0.00500847
2.3.1.46|g__Bacteroides|s__Bacteroides_cellulosilyticus	0.000799902
2.3.1.46|g__Bacteroides|s__Bacteroides_fragilis	0.000399787
2.3.1.46|g__Bacteroides|s__Bacteroides_stercoris	0.00361248
2.3.1.46|g__Faecalibacterium|s__Faecalibacterium_prausnitzii	0.000196295
2.3.1.50	0.00179119
2.3.1.50|g__Bacteroides|s__Bacteroides_stercoris	0.00179119
2.3.1.51	0.00199959
2.3.1.51|g__Alistipes|s__Alistipes_putredinis	0.000260091
2.3.1.51|g__Bacteroides|s__Bacteroides_ovatus	0.000746575
2.3.1.51|g__Bacteroides|s__Bacteroides_stercoris	0.000992926
2.3.1.57	0.00147254
2.3.1.57|g__Bacteroides|s__Bacteroides_ovatus	0.00147254
2.3.1.8	0.000353331
2.3.1.8|g__Faecalibacterium|s__Faecalibacterium_prausnitzii	0.000353331
2.3.1.9	0.000282992
2.3.1.9|g__Faecalibacterium|s__Faecalibacterium_prausnitzii	0.000282992
2.3.1.n2	0.000564675
2.3.1.n2|g__Alistipes|s__Alistipes_putredinis	0.000384411
2.3.1.n2|g__Faecalibacterium|s__Faecalibacterium_prausnitzii	0.000180264
2.3.2.6	0.00239284
2.3.2.6|g__Bacteroides|s__Bacteroides_cellulosilyticus	0.00239284
2.3.3.13	0.00232021
2.3.3.13|g__Bacteroides|s__Bacteroides_cellulosilyticus	0.000699137
2.3.3.13|g__Bacteroides|s__Bacteroides_ovatus	0.000451806
2.3.3.13|g__Bacteroides|s__Bacteroides_stercoris	0.000936
2.3.3.13|g__Parabacteroides|s__Parabacteroides_distasonis	0.000233264
2.4.1.129	0.00386112
2.4.1.129|g__Bacteroides|s__Bacteroides_ovatus	0.000185499
2.4.1.129|g__Bacteroides|s__Bacteroides_stercoris	0.00323821
2.4.1.129|g__Faecalibacterium|s__Faecalibacterium_prausnitzii	0.000437411
2.4.1.182	0.00030393
2.4.1.182|g__Bacteroides|s__Bacteroides_ovatus	0.00030393
2.4.1.21	0.000247986
2.4.1.21|g__Faecalibacterium|s__Faecalibacterium_prausnitzii	0.000247986
2.4.1.227	0.00094287
2.4.1.227|g__Bacteroides|s__Bacteroides_ovatus	0.000319307
2.4.1.227|g__Bacteroides|s__Bacteroides_stercoris	0.000623564
2.4.1.25	0.00141921
2.4.1.25|g__Faecalibacterium|s__Faecalibacterium_prausnitzii	0.00141921
2.4.1.281	0.00168225
2.4.1.281|g__Bacteroides|s__Bacteroides_fragilis	0.000304912
2.4.1.281|g__Bacteroides|s__Bacteroides_ovatus	0.00137734
2.4.2.1	0.00375316
2.4.2.1|g__Bacteroides|s__Bacteroides_cellulosilyticus	0.00115323
2.4.2.1|g__Bacteroides|s__Bacteroides_ovatus	0.000921605
2.4.2.1|g__Bacteroides|s__Bacteroides_stercoris	0.00115421
2.4.2.1|g__Faecalibacterium|s__Faecalibacterium_prausnitzii	0.000524108
2.4.2.10	0.00365534
2.4.2.10|g__Bacteroides|s__Bacteroides_ovatus	0.00121408
2.4.2.10|g__Bacteroides|s__Bacteroides_stercoris	0.00177909
2.4.2.10|g__Faecalibacterium|s__Faecalibacterium_prausnitzii	0.000662168
2.4.2.14	0.00261138
2.4.2.14|g__Alistipes|s__Alistipes_putredinis	0.000243079
2.4.2.14|g__Bacteroides|s__Bacteroides_fragilis	0.000250276
2.4.2.14|g__Bacteroides|s__Bacteroides_ovatus	0.000495972
2.4.2.14|g__Bacteroides|s__Bacteroides_stercoris	0.00162205
2.4.2.17	0.0025358
2.4.2.17|g__Bacteroides|s__Bacteroides_fragilis	0.000221813
2.4.2.17|g__Bacteroides|s__Bacteroides_ovatus	0.00021756
2.4.2.17|g__Bacteroides|s__Bacteroides_stercoris	0.00209643
2.4.2.18	0.00212358
2.4.2.18|g__Bacteroides|s__Bacteroides_fragilis	0.000365109
2.4.2.18|g__Bacteroides|s__Bacteroides_ovatus	0.000715495
2.4.2.18|g__Bacteroides|s__Bacteroides_stercoris	0.00104331
2.4.2.21	0.0028682
2.4.2.21|g__Bacteroides|s__Bacteroides_cellulosilyticus	0.000348751
2.4.2.21|g__Bacteroides|s__Bacteroides_ovatus	0.000110907
2.4.2.21|g__Bacteroides|s__Bacteroides_stercoris	0.00207778
2.4.2.21|g__Faecalibacterium|s__Faecalibacterium_prausnitzii	0.000330757
2.4.2.22	0.00202446
2.4.2.22|g__Bacteroides|s__Bacteroides_ovatus	0.00101223
2.4.2.22|g__Bacteroides|s__Bacteroides_stercoris	0.000350387
2.4.2.22|g__Faecalibacterium|s__Faecalibacterium_prausnitzii	0.000662168
2.4.2.29	0.00314039
2.4.2.29|g__Alistipes|s__Alistipes_putredinis	0.000610805
2.4.2.29|g__Bacteroides|s__Bacteroides_stercoris	0.00221682
2.4.2.29|g__Faecalibacterium|s__Faecalibacterium_prausnitzii	0.000312763
2.4.2.7	0.0011179
2.4.2.7|g__Bacteroides|s__Bacteroides_stercoris	0.0011179
2.4.2.8	0.000785834
2.4.2.8|g__Bacteroides|s__Bacteroides_fragilis	0.000338282
2.4.2.8|g__Faecalibacterium|s__Faecalibacterium_prausnitzii	0.000447553
2.4.99.17	0.00472253
2.4.99.17|g__Alistipes|s__Alistipes_putredinis	0.000439046
2.4.99.17|g__Bacteroides|s__Bacteroides_cellulosilyticus	0.000341226
2.4.99.17|g__Bacteroides|s__Bacteroides_ovatus	0.000573836
2.4.99.17|g__Bacteroides|s__Bacteroides_stercoris	0.00336875
2.5.1.19	0.00322349
2.5.1.19|g__Alistipes|s__Alistipes_putredinis	0.000632724
2.5.1.19|g__Bacteroides|s__Bacteroides_cellulosilyticus	0.000493028
2.5.1.19|g__Bacteroides|s__Bacteroides_fragilis	0.000288554
2.5.1.19|g__Bacteroides|s__Bacteroides_stercoris	0.00153012
2.5.1.19|g__Faecalibacterium|s__Faecalibacterium_prausnitzii	0.000279066
2.5.1.3	0.00662692
2.5.1.3|g__Alistipes|s__Alistipes_putredinis	0.000597064
2.5.1.3|g__Bacteroides|s__Bacteroides_fragilis	0.000634033
2.5.1.3|g__Bacteroides|s__Bacteroides_ovatus	0.000613422
2.5.1.3|g__Bacteroides|s__Bacteroides_stercoris	0.00295162
2.5.1.3|g__Faecalibacterium|s__Faecalibacterium_prausnitzii	0.00183111
2.5.1.47	0.0031332
2.5.1.47|g__Bacteroides|s__Bacteroides_stercoris	0.00236339
2.5.1.47|g__Faecalibacterium|s__Faecalibacterium_prausnitzii	0.000769804
2.5.1.55	0.00277398
2.5.1.55|g__Bacteroides|s__Bacteroides_stercoris	0.00277398
2.5.1.6	0.00510596
2.5.1.6|g__Bacteroides|s__Bacteroides_cellulosilyticus	0.000548317
2.5.1.6|g__Bacteroides|s__Bacteroides_fragilis	0.000415491
2.5.1.6|g__Bacteroides|s__Bacteroides_ovatus	0.000548317
2.5.1.6|g__Bacteroides|s__Bacteroides_stercoris	0.00274191
2.5.1.6|g__Faecalibacterium|s__Faecalibacterium_prausnitzii	0.000310146
2.5.1.6|g__Parabacteroides|s__Parabacteroides_distasonis	0.000541447
2.5.1.7	0.00188738
2.5.1.7|g__Bacteroides|s__Bacteroides_fragilis	0.000543083
2.5.1.7|g__Bacteroides|s__Bacteroides_stercoris	0.00108584
2.5.1.7|g__Faecalibacterium|s__Faecalibacterium_prausnitzii	0.000258782
2.5.1.72	0.000389646
2.5.1.72|g__Bacteroides|s__Bacteroides_ovatus	0.000389646
2.5.1.74	0.00522177
2.5.1.74|g__Alistipes|s__Alistipes_putredinis	0.000407312
2.5.1.74|g__Bacteroides|s__Bacteroides_fragilis	0.000409929
2.5.1.74|g__Bacteroides|s__Bacteroides_ovatus	0.000411892
2.5.1.74|g__Bacteroides|s__Bacteroides_stercoris	0.00399264
2.5.1.75	0.00322644
2.5.1.75|g__Alistipes|s__Alistipes_putredinis	0.000407312
2.5.1.75|g__Bacteroides|s__Bacteroides_cellulosilyticus	0.00102433
2.5.1.75|g__Bacteroides|s__Bacteroides_fragilis	0.000406003
2.5.1.75|g__Bacteroides|s__Bacteroides_ovatus	0.000197276
2.5.1.75|g__Bacteroides|s__Bacteroides_stercoris	0.0008071
2.5.1.75|g__Faecalibacterium|s__Faecalibacterium_prausnitzii	0.000384411
2.5.1.78	0.00154713
2.5.1.78|g__Faecalibacterium|s__Faecalibacterium_prausnitzii	0.000782563
2.5.1.78|g__Parabacteroides|s__Parabacteroides_distasonis	0.000764242
2.5.1.9	0.000650391
2.5.1.9|g__Bacteroides|s__Bacteroides_ovatus	0.000650391
2.6.1.11	0.000912445
2.6.1.11|g__Bacteroides|s__Bacteroides_fragilis	0.000319307
2.6.1.11|g__Faecalibacterium|s__Faecalibacterium_prausnitzii	0.000593138
2.6.1.16	0.00111561
2.6.1.16|g__Alistipes|s__Alistipes_putredinis	0.000374923
2.6.1.16|g__Bacteroides|s__Bacteroides_ovatus	0.000740359
2.6.1.37	0.00279131
2.6.1.37|g__Bacteroides|s__Bacteroides_fragilis	0.000330757
2.6.1.37|g__Bacteroides|s__Bacteroides_ovatus	0.00047896
2.6.1.37|g__Bacteroides|s__Bacteroides_stercoris	0.00198127
2.6.1.42	0.00033501
2.6.1.42|g__Faecalibacterium|s__Faecalibacterium_prausnitzii	0.00033501
2.6.1.52	0.00606944
2.6.1.52|g__Alistipes|s__Alistipes_putredinis	0.000331739
2.6.1.52|g__Bacteroides|s__Bacteroides_cellulosilyticus	0.00100797
2.6.1.52|g__Bacteroides|s__Bacteroides_fragilis	0.000337955
2.6.1.52|g__Bacteroides|s__Bacteroides_ovatus	0.000335992
2.6.1.52|g__Bacteroides|s__Bacteroides_stercoris	0.0037175
2.6.1.52|g__Parabacteroides|s__Parabacteroides_distasonis	0.000337955
2.6.1.9	0.00205292
2.6.1.9|g__Bacteroides|s__Bacteroides_cellulosilyticus	0.000347769
2.6.1.9|g__Bacteroides|s__Bacteroides_stercoris	0.00170515
2.6.99.2	0.0044523
2.6.99.2|g__Bacteroides|s__Bacteroides_cellulosilyticus	0.000474707
2.6.99.2|g__Bacteroides|s__Bacteroides_fragilis	0.000532941
2.6.99.2|g__Bacteroides|s__Bacteroides_ovatus	0.000800229
2.6.99.2|g__Bacteroides|s__Bacteroides_stercoris	0.00264442
2.7.1.11	0.00476244
2.7.1.11|g__Bacteroides|s__Bacteroides_fragilis	0.000899358
2.7.1.11|g__Bacteroides|s__Bacteroides_ovatus	0.00035922
2.7.1.11|g__Bacteroides|s__Bacteroides_stercoris	0.00314236
2.7.1.11|g__Faecalibacterium|s__Faecalibacterium_prausnitzii	0.00036151
2.7.1.130	0.00289928
2.7.1.130|g__Alistipes|s__Alistipes_putredinis	0.000347769
2.7.1.130|g__Bacteroides|s__Bacteroides_cellulosilyticus	0.000487139
2.7.1.130|g__Bacteroides|s__Bacteroides_fragilis	0.000303276
2.7.1.130|g__Bacteroides|s__Bacteroides_ovatus	0.000317016
2.7.1.130|g__Bacteroides|s__Bacteroides_stercoris	0.00144408
2.7.1.144	0.000202838
2.7.1.144|g__Faecalibacterium|s__Faecalibacterium_prausnitzii	0.000202838
2.7.1.148	0.00130242
2.7.1.148|g__Alistipes|s__Alistipes_putredinis	0.000198912
2.7.1.148|g__Bacteroides|s__Bacteroides_stercoris	0.00110351
2.7.1.17	0.000229665
2.7.1.17|g__Bacteroides|s__Bacteroides_ovatus	0.000229665
2.7.1.2	0.000375251
2.7.1.2|g__Bacteroides|s__Bacteroides_ovatus	0.000375251
2.7.1.21	0.00334519
2.7.1.21|g__Bacteroides|s__Bacteroides_ovatus	0.000654317
2.7.1.21|g__Bacteroides|s__Bacteroides_stercoris	0.00269088
2.7.1.23	0.00188149
2.7.1.23|g__Alistipes|s__Alistipes_putredinis	0.000402078
2.7.1.23|g__Bacteroides|s__Bacteroides_ovatus	0.000208073
2.7.1.23|g__Bacteroides|s__Bacteroides_stercoris	0.00084963
2.7.1.23|g__Parabacteroides|s__Parabacteroides_distasonis	0.000421707
2.7.1.25	0.00226884
2.7.1.25|g__Bacteroides|s__Bacteroides_ovatus	0.000642866
2.7.1.25|g__Bacteroides|s__Bacteroides_stercoris	0.00162598
2.7.1.26	0.00311128
2.7.1.26|g__Bacteroides|s__Bacteroides_fragilis	0.00116403
2.7.1.26|g__Bacteroides|s__Bacteroides_stercoris	0.00157036
2.7.1.26|g__Faecalibacterium|s__Faecalibacterium_prausnitzii	0.000376886
2.7.1.30	0.000467182
2.7.1.30|g__Parabacteroides|s__Parabacteroides_distasonis	0.000467182
2.7.1.33	0.000884636
2.7.1.33|g__Bacteroides|s__Bacteroides_ovatus	0.000474707
2.7.1.33|g__Faecalibacterium|s__Faecalibacterium_prausnitzii	0.000409929
2.7.1.35	0.00217986
2.7.1.35|g__Bacteroides|s__Bacteroides_cellulosilyticus	0.000219523
2.7.1.35|g__Bacteroides|s__Bacteroides_ovatus	0.000824766
2.7.1.35|g__Faecalibacterium|s__Faecalibacterium_prausnitzii	0.000704045
2.7.1.35|g__Parabacteroides|s__Parabacteroides_distasonis	0.000431522
2.7.1.4	0.00221486
2.7.1.4|g__Bacteroides|s__Bacteroides_ovatus	0.000853229
2.7.1.4|g__Faecalibacterium|s__Faecalibacterium_prausnitzii	0.00136196
2.7.1.40	0.00163972
2.7.1.40|g__Bacteroides|s__Bacteroides_ovatus	0.000962827
2.7.1.40|g__Bacteroides|s__Bacteroides_stercoris	0.000479287
2.7.1.40|g__Faecalibacterium|s__Faecalibacterium_prausnitzii	0.000197604
2.7.1.45	0.000992598
2.7.1.45|g__Faecalibacterium|s__Faecalibacterium_prausnitzii	0.000992598
2.7.1.48	0.00252926
2.7.1.48|g__Bacteroides|s__Bacteroides_ovatus	0.000589539
2.7.1.48|g__Bacteroides|s__Bacteroides_stercoris	0.00193972
2.7.1.69	0.000556496
2.7.1.69|g__Faecalibacterium|s__Faecalibacterium_prausnitzii	0.000556496
2.7.1.71	0.00166753
2.7.1.71|g__Bacteroides|s__Bacteroides_fragilis	0.000726946
2.7.1.71|g__Bacteroides|s__Bacteroides_stercoris	0.000378195
2.7.1.71|g__Faecalibacterium|s__Faecalibacterium_prausnitzii	0.000562058
2.7.1.95	0.000467509
2.7.1.95|g__Bacteroides|s__Bacteroides_fragilis	0.000467509
2.7.13.3	0.00263984
2.7.13.3|g__Bacteroides|s__Bacteroides_fragilis	0.000218542
2.7.13.3|g__Bacteroides|s__Bacteroides_ovatus	0.000316362
2.7.13.3|g__Faecalibacterium|s__Faecalibacterium_prausnitzii	0.00210494
2.7.2.1	0.00358631
2.7.2.1|g__Alistipes|s__Alistipes_putredinis	0.000295097
2.7.2.1|g__Bacteroides|s__Bacteroides_ovatus	0.000297387
2.7.2.1|g__Bacteroides|s__Bacteroides_stercoris	0.00299383
2.7.2.11	0.00219229
2.7.2.11|g__Bacteroides|s__Bacteroides_cellulosilyticus	0.00033272
2.7.2.11|g__Bacteroides|s__Bacteroides_ovatus	0.000487793
2.7.2.11|g__Bacteroides|s__Bacteroides_stercoris	0.00111561
2.7.2.11|g__Faecalibacterium|s__Faecalibacterium_prausnitzii	0.000256165
2.7.2.3	0.00112248
2.7.2.3|g__Bacteroides|s__Bacteroides_fragilis	0.00028201
2.7.2.3|g__Bacteroides|s__Bacteroides_ovatus	0.000557805
2.7.2.3|g__Bacteroides|s__Bacteroides_stercoris	0.000282665
2.7.2.4	0.00509484
2.7.2.4|g__Alistipes|s__Alistipes_putredinis	0.000282665
2.7.2.4|g__Bacteroides|s__Bacteroides_fragilis	0.00026827
2.7.2.4|g__Bacteroides|s__Bacteroides_ovatus	0.000533595
2.7.2.4|g__Bacteroides|s__Bacteroides_stercoris	0.00371619
2.7.2.4|g__Faecalibacterium|s__Faecalibacterium_prausnitzii	0.000294115
2.7.2.7	0.00082084
2.7.2.7|g__Alistipes|s__Alistipes_putredinis	0.000158672
2.7.2.7|g__Bacteroides|s__Bacteroides_fragilis	0.000321924
2.7.2.7|g__Bacteroides|s__Bacteroides_stercoris	0.000340245
2.7.2.8	0.00210723
2.7.2.8|g__Bacteroides|s__Bacteroides_cellulosilyticus	0.000468818
2.7.2.8|g__Bacteroides|s__Bacteroides_stercoris	0.00163841
2.7.3.9	0.000429232
2.7.3.9|g__Faecalibacterium|s__Faecalibacterium_prausnitzii	0.000429232
2.7.4.16	0.0030887
2.7.4.16|g__Alistipes|s__Alistipes_putredinis	0.00138323
2.7.4.16|g__Bacteroides|s__Bacteroides_fragilis	0.000699465
2.7.4.16|g__Bacteroides|s__Bacteroides_stercoris	0.00100568
2.7.4.22	0.00241214
2.7.4.22|g__Bacteroides|s__Bacteroides_ovatus	0.000805791
2.7.4.22|g__Bacteroides|s__Bacteroides_stercoris	0.00107079
2.7.4.22|g__Faecalibacterium|s__Faecalibacterium_prausnitzii	0.000535558
2.7.4.25	0.00209545
2.7.4.25|g__Alistipes|s__Alistipes_putredinis	0.000589866
2.7.4.25|g__Bacteroides|s__Bacteroides_stercoris	0.000373615
2.7.4.25|g__Faecalibacterium|s__Faecalibacterium_prausnitzii	0.00113197
2.7.4.3	0.00430148
2.7.4.3|g__Bacteroides|s__Bacteroides_fragilis	0.000696193
2.7.4.3|g__Bacteroides|s__Bacteroides_stercoris	0.00176502
2.7.4.3|g__Faecalibacterium|s__Faecalibacterium_prausnitzii	0.00184027
2.7.4.6	0.00180493
2.7.4.6|g__Parabacteroides|s__Parabacteroides_distasonis	0.00180493
2.7.4.7	0.000230974
2.7.4.7|g__Faecalibacterium|s__Faecalibacterium_prausnitzii	0.000230974
2.7.4.8	0.00144408
2.7.4.8|g__Bacteroides|s__Bacteroides_stercoris	0.00144408
2.7.6.2	0.00124876
2.7.6.2|g__Faecalibacterium|s__Faecalibacterium_prausnitzii	0.00124876
2.7.7.12	0.000458022
2.7.7.12|g__Faecalibacterium|s__Faecalibacterium_prausnitzii	0.000458022
2.7.7.18	0.00249196
2.7.7.18|g__Bacteroides|s__Bacteroides_fragilis	0.000646465
2.7.7.18|g__Bacteroides|s__Bacteroides_stercoris	0.00184517
2.7.7.2	0.00311128
2.7.7.2|g__Bacteroides|s__Bacteroides_fragilis	0.00116403
2.7.7.2|g__Bacteroides|s__Bacteroides_stercoris	0.00157036
2.7.7.2|g__Faecalibacterium|s__Faecalibacterium_prausnitzii	0.000376886
2.7.7.22	0.000677218
2.7.7.22|g__Bacteroides|s__Bacteroides_ovatus	0.000677218
2.7.7.24	0.00251454
2.7.7.24|g__Bacteroides|s__Bacteroides_fragilis	0.000415818
2.7.7.24|g__Bacteroides|s__Bacteroides_ovatus	0.000840143
2.7.7.24|g__Bacteroides|s__Bacteroides_stercoris	0.00125858
2.7.7.3	0.00523846
2.7.7.3|g__Alistipes|s__Alistipes_putredinis	0.000803828
2.7.7.3|g__Bacteroides|s__Bacteroides_stercoris	0.00443463
2.7.7.38	0.00324868
2.7.7.38|g__Bacteroides|s__Bacteroides_ovatus	0.000500879
2.7.7.38|g__Bacteroides|s__Bacteroides_stercoris	0.0022466
2.7.7.38|g__Parabacteroides|s__Parabacteroides_distasonis	0.000500879
2.7.7.4	0.00377279
2.7.7.4|g__Bacteroides|s__Bacteroides_fragilis	0.000396189
2.7.7.4|g__Bacteroides|s__Bacteroides_ovatus	0.000240461
2.7.7.4|g__Bacteroides|s__Bacteroides_stercoris	0.00313614
2.7.7.41	0.00367562
2.7.7.41|g__Bacteroides|s__Bacteroides_ovatus	0.000381794
2.7.7.41|g__Bacteroides|s__Bacteroides_stercoris	0.00329383
2.7.7.6	0.00204965
2.7.7.6|g__Alistipes|s__Alistipes_putredinis	0.000366417
2.7.7.6|g__Bacteroides|s__Bacteroides_cellulosilyticus	0.000420398
2.7.7.6|g__Bacteroides|s__Bacteroides_ovatus	0.000366417
2.7.7.6|g__Bacteroides|s__Bacteroides_stercoris	0.000896741
2.7.7.60	0.00223645
2.7.7.60|g__Alistipes|s__Alistipes_putredinis	0.000266634
2.7.7.60|g__Bacteroides|s__Bacteroides_stercoris	0.00196982
2.7.7.63	0.000525089
2.7.7.63|g__Bacteroides|s__Bacteroides_ovatus	0.000525089
2.7.7.7	0.00689224
2.7.7.7|g__Alistipes|s__Alistipes_putredinis	0.000319307
2.7.7.7|g__Bacteroides|s__Bacteroides_cellulosilyticus	0.000638286
2.7.7.7|g__Bacteroides|s__Bacteroides_ovatus	0.00106686
2.7.7.7|g__Bacteroides|s__Bacteroides_stercoris	0.00416996
2.7.7.7|g__Faecalibacterium|s__Faecalibacterium_prausnitzii	0.00036838
2.7.7.7|g__Parabacteroides|s__Parabacteroides_distasonis	0.000329776
2.7.7.9	0.00042138
2.7.7.9|g__Faecalibacterium|s__Faecalibacterium_prausnitzii	0.00042138
2.7.8.13	0.00530618
2.7.8.13|g__Alistipes|s__Alistipes_putredinis	0.000285609
2.7.8.13|g__Bacteroides|s__Bacteroides_cellulosilyticus	0.000544064
2.7.8.13|g__Bacteroides|s__Bacteroides_fragilis	0.0019587
2.7.8.13|g__Bacteroides|s__Bacteroides_stercoris	0.00251781
2.7.8.26	0.00322153
2.7.8.26|g__Bacteroides|s__Bacteroides_cellulosilyticus	0.000474707
2.7.8.26|g__Bacteroides|s__Bacteroides_ovatus	0.00135084
2.7.8.26|g__Bacteroides|s__Bacteroides_stercoris	0.00139598
2.8.1.10	0.00339656
2.8.1.10|g__Alistipes|s__Alistipes_putredinis	0.000979512
2.8.1.10|g__Bacteroides|s__Bacteroides_ovatus	0.000485503
2.8.1.10|g__Bacteroides|s__Bacteroides_stercoris	0.00193154
2.8.1.4	0.000591829
2.8.1.4|g__Faecalibacterium|s__Faecalibacterium_prausnitzii	0.000591829
2.8.1.7	0.00896021
2.8.1.7|g__Alistipes|s__Alistipes_putredinis	0.000868933
2.8.1.7|g__Bacteroides|s__Bacteroides_cellulosilyticus	0.000721384
2.8.1.7|g__Bacteroides|s__Bacteroides_fragilis	0.000588558
2.8.1.7|g__Bacteroides|s__Bacteroides_stercoris	0.00558525
2.8.1.7|g__Faecalibacterium|s__Faecalibacterium_prausnitzii	0.00090263
2.8.1.7|g__Parabacteroides|s__Parabacteroides_distasonis	0.000293461
2.8.1.8	0.00231072
2.8.1.8|g__Bacteroides|s__Bacteroides_fragilis	0.00127952
2.8.1.8|g__Bacteroides|s__Bacteroides_stercoris	0.00103088
2.8.4.3	0.00126708
2.8.4.3|g__Bacteroides|s__Bacteroides_fragilis	0.000249949
2.8.4.3|g__Bacteroides|s__Bacteroides_ovatus	0.00050546
2.8.4.3|g__Bacteroides|s__Bacteroides_stercoris	0.000258128
2.8.4.3|g__Faecalibacterium|s__Faecalibacterium_prausnitzii	0.000253875
2.8.4.4	0.00487695
2.8.4.4|g__Bacteroides|s__Bacteroides_cellulosilyticus	0.000406658
2.8.4.4|g__Bacteroides|s__Bacteroides_fragilis	0.00027056
2.8.4.4|g__Bacteroides|s__Bacteroides_ovatus	0.000540138
2.8.4.4|g__Bacteroides|s__Bacteroides_stercoris	0.00312632
2.8.4.4|g__Faecalibacterium|s__Faecalibacterium_prausnitzii	0.000533595
3.1.1.11	0.00518873
3.1.1.11|g__Bacteroides|s__Bacteroides_cellulosilyticus	0.00117352
3.1.1.11|g__Bacteroides|s__Bacteroides_ovatus	0.000658243
3.1.1.11|g__Bacteroides|s__Bacteroides_stercoris	0.00335697
3.1.1.29	0.00223809
3.1.1.29|g__Bacteroides|s__Bacteroides_cellulosilyticus	0.000705026
3.1.1.29|g__Bacteroides|s__Bacteroides_stercoris	0.0010492
3.1.1.29|g__Faecalibacterium|s__Faecalibacterium_prausnitzii	0.000483867
3.1.1.96	0.00179937
3.1.1.96|g__Bacteroides|s__Bacteroides_stercoris	0.000895432
3.1.1.96|g__Faecalibacterium|s__Faecalibacterium_prausnitzii	0.000903611
3.1.11.6	0.00199959
3.1.11.6|g__Alistipes|s__Alistipes_putredinis	0.000290189
3.1.11.6|g__Bacteroides|s__Bacteroides_cellulosilyticus	0.000565984
3.1.11.6|g__Bacteroides|s__Bacteroides_ovatus	0.000288554
3.1.11.6|g__Bacteroides|s__Bacteroides_stercoris	0.000854865
3.1.13.1	0.000161289
3.1.13.1|g__Faecalibacterium|s__Faecalibacterium_prausnitzii	0.000161289
3.1.21.2	0.0021792
3.1.21.2|g__Alistipes|s__Alistipes_putredinis	0.000842106
3.1.21.2|g__Bacteroides|s__Bacteroides_ovatus	0.00044559
3.1.21.2|g__Bacteroides|s__Bacteroides_stercoris	0.000891506
3.1.21.3	0.000748538
3.1.21.3|g__Bacteroides|s__Bacteroides_stercoris	0.000208073
3.1.21.3|g__Parabacteroides|s__Parabacteroides_distasonis	0.000540466
3.1.22.4	0.00147189
3.1.22.4|g__Bacteroides|s__Bacteroides_fragilis	0.000346788
3.1.22.4|g__Faecalibacterium|s__Faecalibacterium_prausnitzii	0.000767841
3.1.22.4|g__Parabacteroides|s__Parabacteroides_distasonis	0.000357257
3.1.26.11	0.00374923
3.1.26.11|g__Alistipes|s__Alistipes_putredinis	0.000783217
3.1.26.11|g__Bacteroides|s__Bacteroides_fragilis	0.000401096
3.1.26.11|g__Bacteroides|s__Bacteroides_ovatus	0.000887908
3.1.26.11|g__Bacteroides|s__Bacteroides_stercoris	0.000897068
3.1.26.11|g__Faecalibacterium|s__Faecalibacterium_prausnitzii	0.000779945
3.1.26.3	0.0021226
3.1.26.3|g__Alistipes|s__Alistipes_putredinis	0.000470781
3.1.26.3|g__Bacteroides|s__Bacteroides_fragilis	0.000614731
3.1.26.3|g__Bacteroides|s__Bacteroides_ovatus	0.000164561
3.1.26.3|g__Bacteroides|s__Bacteroides_stercoris	0.000590848
3.1.26.3|g__Faecalibacterium|s__Faecalibacterium_prausnitzii	0.000281683
3.1.26.5	0.00130602
3.1.26.5|g__Bacteroides|s__Bacteroides_stercoris	0.000496299
3.1.26.5|g__Faecalibacterium|s__Faecalibacterium_prausnitzii	0.000809717
3.1.3.11	0.00335239
3.1.3.11|g__Alistipes|s__Alistipes_putredinis	0.000516256
3.1.3.11|g__Bacteroides|s__Bacteroides_stercoris	0.00283614
3.1.3.48	0.000829346
3.1.3.48|g__Bacteroides|s__Bacteroides_ovatus	0.000338282
3.1.3.48|g__Faecalibacterium|s__Faecalibacterium_prausnitzii	0.000491065
3.1.3.5	0.00168323
3.1.3.5|g__Bacteroides|s__Bacteroides_stercoris	0.00122095
3.1.3.5|g__Parabacteroides|s__Parabacteroides_distasonis	0.000461948
3.1.3.7	0.000894451
3.1.3.7|g__Bacteroides|s__Bacteroides_ovatus	0.000894451
3.1.4.46	0.00118202
3.1.4.46|g__Bacteroides|s__Bacteroides_ovatus	0.00118202
3.1.5.1	0.00142412
3.1.5.1|g__Bacteroides|s__Bacteroides_stercoris	0.00142412
3.1.6.12	0.000502515
3.1.6.12|g__Bacteroides|s__Bacteroides_ovatus	0.000502515
3.11.1.1	0.00441173
3.11.1.1|g__Bacteroides|s__Bacteroides_stercoris	0.00417389
3.11.1.1|g__Parabacteroides|s__Parabacteroides_distasonis	0.000237844
3.2.1.131	0.000909827
3.2.1.131|g__Bacteroides|s__Bacteroides_ovatus	0.000909827
3.2.1.17	0.00107406
3.2.1.17|g__Bacteroides|s__Bacteroides_fragilis	0.00107406
3.2.1.18	0.00021298
3.2.1.18|g__Bacteroides|s__Bacteroides_fragilis	0.00021298
3.2.1.20	0.000167505
3.2.1.20|g__Faecalibacterium|s__Faecalibacterium_prausnitzii	0.000167505
3.2.1.21	0.00036151
3.2.1.21|g__Bacteroides|s__Bacteroides_ovatus	0.00036151
3.2.1.22	0.00129129
3.2.1.22|g__Bacteroides|s__Bacteroides_fragilis	0.000671329
3.2.1.22|g__Bacteroides|s__Bacteroides_ovatus	0.000619965
3.2.1.23	0.00361216
3.2.1.23|g__Bacteroides|s__Bacteroides_cellulosilyticus	0.000818877
3.2.1.23|g__Bacteroides|s__Bacteroides_fragilis	0.000311782
3.2.1.23|g__Bacteroides|s__Bacteroides_ovatus	0.000688014
3.2.1.23|g__Bacteroides|s__Bacteroides_stercoris	0.00114407
3.2.1.23|g__Faecalibacterium|s__Faecalibacterium_prausnitzii	0.000649409
3.2.1.25	0.000135116
3.2.1.25|g__Bacteroides|s__Bacteroides_ovatus	0.000135116
3.2.1.26	0.000237517
3.2.1.26|g__Faecalibacterium|s__Faecalibacterium_prausnitzii	0.000237517
3.2.1.31	9.45488e-05
3.2.1.31|g__Bacteroides|s__Bacteroides_ovatus	9.45488e-05
3.2.1.4	0.000331739
3.2.1.4|g__Bacteroides|s__Bacteroides_ovatus	0.000331739
3.2.1.49	0.000833272
3.2.1.49|g__Bacteroides|s__Bacteroides_fragilis	0.000833272
3.2.1.50	0.000476997
3.2.1.50|g__Bacteroides|s__Bacteroides_ovatus	0.000476997
3.2.1.51	0.00112052
3.2.1.51|g__Bacteroides|s__Bacteroides_ovatus	0.00112052
3.2.1.52	0.000106326
3.2.1.52|g__Bacteroides|s__Bacteroides_cellulosilyticus	0.000106326
3.2.1.55	0.000894778
3.2.1.55|g__Bacteroides|s__Bacteroides_ovatus	0.000894778
3.2.1.65	0.00110089
3.2.1.65|g__Bacteroides|s__Bacteroides_ovatus	0.00110089
3.2.1.8	0.00430442
3.2.1.8|g__Bacteroides|s__Bacteroides_cellulosilyticus	0.000282338
3.2.1.8|g__Bacteroides|s__Bacteroides_ovatus	0.000317344
3.2.1.8|unclassified	0.00370441
3.2.1.89	0.00030164
3.2.1.89|g__Bacteroides|s__Bacteroides_cellulosilyticus	0.00030164
3.2.1.99	0.000354312
3.2.1.99|g__Bacteroides|s__Bacteroides_fragilis	0.000354312
3.2.2.27	0.00706433
3.2.2.27|g__Alistipes|s__Alistipes_putredinis	0.000559114
3.2.2.27|g__Bacteroides|s__Bacteroides_fragilis	0.000797612
3.2.2.27|g__Bacteroides|s__Bacteroides_stercoris	0.00570728
3.2.2.9	0.00294704
3.2.2.9|g__Bacteroides|s__Bacteroides_stercoris	0.00294704
3.3.1.1	0.000979839
3.3.1.1|g__Alistipes|s__Alistipes_putredinis	0.000494991
3.3.1.1|g__Bacteroides|s__Bacteroides_ovatus	0.000484849
3.4.11.18	0.00410813
3.4.11.18|g__Bacteroides|s__Bacteroides_ovatus	0.000468818
3.4.11.18|g__Bacteroides|s__Bacteroides_stercoris	0.00363931
3.4.11.4	0.00376494
3.4.11.4|g__Alistipes|s__Alistipes_putredinis	0.000585286
3.4.11.4|g__Bacteroides|s__Bacteroides_cellulosilyticus	0.00027972
3.4.11.4|g__Bacteroides|s__Bacteroides_ovatus	0.000582015
3.4.11.4|g__Bacteroides|s__Bacteroides_stercoris	0.00202544
3.4.11.4|g__Faecalibacterium|s__Faecalibacterium_prausnitzii	0.00029248
3.4.13.22	0.000970024
3.4.13.22|g__Bacteroides|s__Bacteroides_ovatus	0.000970024
3.4.16.4	0.000801211
3.4.16.4|g__Faecalibacterium|s__Faecalibacterium_prausnitzii	0.000801211
3.4.21.102	0.00151082
3.4.21.102|g__Bacteroides|s__Bacteroides_ovatus	0.00151082
3.4.21.89	0.00767023
3.4.21.89|g__Bacteroides|s__Bacteroides_cellulosilyticus	0.0006252
3.4.21.89|g__Bacteroides|s__Bacteroides_fragilis	0.000413201
3.4.21.89|g__Bacteroides|s__Bacteroides_ovatus	0.002278
3.4.21.89|g__Bacteroides|s__Bacteroides_stercoris	0.000894778
3.4.21.89|g__Faecalibacterium|s__Faecalibacterium_prausnitzii	0.000666422
3.4.21.89|unclassified	0.00279262
3.4.21.92	0.00318816
3.4.21.92|g__Bacteroides|s__Bacteroides_cellulosilyticus	0.00141103
3.4.21.92|g__Bacteroides|s__Bacteroides_ovatus	0.00114146
3.4.21.92|g__Bacteroides|s__Bacteroides_stercoris	0.000635996
3.4.23.36	0.00794733
3.4.23.36|g__Bacteroides|s__Bacteroides_cellulosilyticus	0.000600336
3.4.23.36|g__Bacteroides|s__Bacteroides_ovatus	0.00117417
3.4.23.36|g__Bacteroides|s__Bacteroides_stercoris	0.00447782
3.4.23.36|g__Faecalibacterium|s__Faecalibacterium_prausnitzii	0.00169501
3.4.24.74	0.00029248
3.4.24.74|g__Bacteroides|s__Bacteroides_fragilis	0.00029248
3.5.1.1	0.00121539
3.5.1.1|g__Bacteroides|s__Bacteroides_ovatus	0.00121539
3.5.1.10	0.00337824
3.5.1.10|g__Bacteroides|s__Bacteroides_cellulosilyticus	0.000431522
3.5.1.10|g__Bacteroides|s__Bacteroides_stercoris	0.00294672
3.5.1.2	0.00282239
3.5.1.2|g__Alistipes|s__Alistipes_putredinis	0.000361183
3.5.1.2|g__Bacteroides|s__Bacteroides_cellulosilyticus	0.000401423
3.5.1.2|g__Bacteroides|s__Bacteroides_ovatus	0.000377214
3.5.1.2|g__Bacteroides|s__Bacteroides_stercoris	0.00168258
3.5.1.25	0.00680522
3.5.1.25|g__Bacteroides|s__Bacteroides_fragilis	0.000311128
3.5.1.25|g__Bacteroides|s__Bacteroides_ovatus	0.00163252
3.5.1.25|g__Bacteroides|s__Bacteroides_stercoris	0.00393604
3.5.1.25|g__Faecalibacterium|s__Faecalibacterium_prausnitzii	0.000315381
3.5.1.25|g__Parabacteroides|s__Parabacteroides_distasonis	0.000610477
3.5.1.28	0.000951049
3.5.1.28|g__Bacteroides|s__Bacteroides_ovatus	0.000951049
3.5.1.88	0.0032441
3.5.1.88|g__Bacteroides|s__Bacteroides_ovatus	0.000434139
3.5.1.88|g__Bacteroides|s__Bacteroides_stercoris	0.00280996
3.5.2.3	0.00250832
3.5.2.3|g__Alistipes|s__Alistipes_putredinis	0.000546682
3.5.2.3|g__Bacteroides|s__Bacteroides_cellulosilyticus	0.000260418
3.5.2.3|g__Bacteroides|s__Bacteroides_ovatus	0.000264344
3.5.2.3|g__Bacteroides|s__Bacteroides_stercoris	0.00143721
3.5.2.6	0.00529048
3.5.2.6|g__Bacteroides|s__Bacteroides_cellulosilyticus	0.000406003
3.5.2.6|g__Bacteroides|s__Bacteroides_fragilis	0.00168552
3.5.2.6|g__Bacteroides|s__Bacteroides_stercoris	0.00187854
3.5.2.6|g__Parabacteroides|s__Parabacteroides_distasonis	0.00132041
3.5.2.7	0.00503529
3.5.2.7|g__Alistipes|s__Alistipes_putredinis	0.000287245
3.5.2.7|g__Bacteroides|s__Bacteroides_fragilis	0.000566965
3.5.2.7|g__Bacteroides|s__Bacteroides_ovatus	0.000564348
3.5.2.7|g__Bacteroides|s__Bacteroides_stercoris	0.00348947
3.5.2.7|g__Parabacteroides|s__Parabacteroides_distasonis	0.000127265
3.5.4.10	0.000302294
3.5.4.10|g__Faecalibacterium|s__Faecalibacterium_prausnitzii	0.000302294
3.5.4.16	0.00573378
3.5.4.16|g__Alistipes|s__Alistipes_putredinis	0.000321269
3.5.4.16|g__Bacteroides|s__Bacteroides_ovatus	0.00187593
3.5.4.16|g__Bacteroides|s__Bacteroides_stercoris	0.00353658
3.5.4.28	0.000542101
3.5.4.28|g__Alistipes|s__Alistipes_putredinis	0.000259437
3.5.4.28|g__Parabacteroides|s__Parabacteroides_distasonis	0.000282665
3.5.4.31	0.000542101
3.5.4.31|g__Alistipes|s__Alistipes_putredinis	0.000259437
3.5.4.31|g__Parabacteroides|s__Parabacteroides_distasonis	0.000282665
3.5.4.33	0.00193089
3.5.4.33|g__Bacteroides|s__Bacteroides_fragilis	0.000954321
3.5.4.33|g__Bacteroides|s__Bacteroides_stercoris	0.000976568
3.5.99.6	0.00328173
3.5.99.6|g__Bacteroides|s__Bacteroides_cellulosilyticus	0.00122717
3.5.99.6|g__Bacteroides|s__Bacteroides_fragilis	0.00044559
3.5.99.6|g__Bacteroides|s__Bacteroides_ovatus	0.000690958
3.5.99.6|g__Bacteroides|s__Bacteroides_stercoris	0.000917679
3.6.1.1	0.000262708
3.6.1.1|g__Bacteroides|s__Bacteroides_cellulosilyticus	0.0001554
3.6.1.1|g__Faecalibacterium|s__Faecalibacterium_prausnitzii	0.000107308
3.6.1.19	0.00485568
3.6.1.19|g__Alistipes|s__Alistipes_putredinis	0.000312109
3.6.1.19|g__Bacteroides|s__Bacteroides_ovatus	0.00125105
3.6.1.19|g__Bacteroides|s__Bacteroides_stercoris	0.0027164
3.6.1.19|g__Faecalibacterium|s__Faecalibacterium_prausnitzii	0.000576126
3.6.1.22	0.000935019
3.6.1.22|g__Bacteroides|s__Bacteroides_ovatus	0.000935019
3.6.1.23	0.000985401
3.6.1.23|g__Bacteroides|s__Bacteroides_stercoris	0.000985401
3.6.1.27	0.00265325
3.6.1.27|g__Bacteroides|s__Bacteroides_fragilis	0.000235554
3.6.1.27|g__Bacteroides|s__Bacteroides_stercoris	0.00195608
3.6.1.27|g__Faecalibacterium|s__Faecalibacterium_prausnitzii	0.000461293
3.6.3.14	0.0080144
3.6.3.14|g__Alistipes|s__Alistipes_putredinis	0.000391936
3.6.3.14|g__Bacteroides|s__Bacteroides_fragilis	0.000556823
3.6.3.14|g__Bacteroides|s__Bacteroides_ovatus	0.00117123
3.6.3.14|g__Bacteroides|s__Bacteroides_stercoris	0.00522374
3.6.3.14|g__Faecalibacterium|s__Faecalibacterium_prausnitzii	0.000478633
3.6.3.14|g__Parabacteroides|s__Parabacteroides_distasonis	0.000192042
3.6.3.17	0.000449843
3.6.3.17|g__Faecalibacterium|s__Faecalibacterium_prausnitzii	0.000449843
3.6.3.27	0.00148497
3.6.3.27|g__Bacteroides|s__Bacteroides_ovatus	0.000496299
3.6.3.27|g__Faecalibacterium|s__Faecalibacterium_prausnitzii	0.000988345
3.6.3.3	0.000180919
3.6.3.3|g__Faecalibacterium|s__Faecalibacterium_prausnitzii	0.000180919
3.6.3.31	0.000838834
3.6.3.31|g__Bacteroides|s__Bacteroides_ovatus	0.000838834
3.6.3.41	0.000219523
3.6.3.41|g__Bacteroides|s__Bacteroides_fragilis	0.000219523
3.6.4.12	0.0123299
3.6.4.12|g__Alistipes|s__Alistipes_putredinis	0.0023791
3.6.4.12|g__Bacteroides|s__Bacteroides_cellulosilyticus	0.000349732
3.6.4.12|g__Bacteroides|s__Bacteroides_fragilis	0.00108159
3.6.4.12|g__Bacteroides|s__Bacteroides_ovatus	0.000575144
3.6.4.12|g__Bacteroides|s__Bacteroides_stercoris	0.00699137
3.6.4.12|g__Faecalibacterium|s__Faecalibacterium_prausnitzii	0.000953339
3.6.5.3	0.000653662
3.6.5.3|g__Faecalibacterium|s__Faecalibacterium_prausnitzii	0.000653662
3.6.5.n1	0.00269742
3.6.5.n1|g__Alistipes|s__Alistipes_putredinis	0.000188116
3.6.5.n1|g__Bacteroides|s__Bacteroides_ovatus	0.000968389
3.6.5.n1|g__Bacteroides|s__Bacteroides_stercoris	0.000967734
3.6.5.n1|g__Faecalibacterium|s__Faecalibacterium_prausnitzii	0.000573181
4.1.1.11	0.0025659
4.1.1.11|g__Bacteroides|s__Bacteroides_fragilis	0.00128311
4.1.1.11|g__Bacteroides|s__Bacteroides_stercoris	0.00128311
4.1.1.15	0.00329612
4.1.1.15|g__Alistipes|s__Alistipes_putredinis	0.000249295
4.1.1.15|g__Bacteroides|s__Bacteroides_stercoris	0.00280309
4.1.1.15|g__Parabacteroides|s__Parabacteroides_distasonis	0.00024406
4.1.1.20	0.00220832
4.1.1.20|g__Bacteroides|s__Bacteroides_ovatus	0.000608187
4.1.1.20|g__Bacteroides|s__Bacteroides_stercoris	0.00132761
4.1.1.20|g__Faecalibacterium|s__Faecalibacterium_prausnitzii	0.000272523
4.1.1.23	0.00423703
4.1.1.23|g__Bacteroides|s__Bacteroides_fragilis	0.000896087
4.1.1.23|g__Bacteroides|s__Bacteroides_stercoris	0.00293297
4.1.1.23|g__Faecalibacterium|s__Faecalibacterium_prausnitzii	0.000407966
4.1.1.3	0.000242424
4.1.1.3|g__Faecalibacterium|s__Faecalibacterium_prausnitzii	0.000242424
4.1.1.37	0.00035693
4.1.1.37|g__Bacteroides|s__Bacteroides_ovatus	0.00035693
4.1.1.41	0.000223776
4.1.1.41|g__Alistipes|s__Alistipes_putredinis	0.000223776
4.1.1.48	0.00166753
4.1.1.48|g__Bacteroides|s__Bacteroides_cellulosilyticus	0.000440355
4.1.1.48|g__Bacteroides|s__Bacteroides_ovatus	0.00095792
4.1.1.48|g__Bacteroides|s__Bacteroides_stercoris	0.000269251
4.1.1.49	0.00336188
4.1.1.49|g__Alistipes|s__Alistipes_putredinis	0.000216579
4.1.1.49|g__Bacteroides|s__Bacteroides_fragilis	0.000429886
4.1.1.49|g__Bacteroides|s__Bacteroides_ovatus	0.000650718
4.1.1.49|g__Bacteroides|s__Bacteroides_stercoris	0.00119511
4.1.1.49|g__Faecalibacterium|s__Faecalibacterium_prausnitzii	0.000869587
4.1.1.65	0.00133906
4.1.1.65|g__Alistipes|s__Alistipes_putredinis	0.000274159
4.1.1.65|g__Bacteroides|s__Bacteroides_fragilis	0.000791069
4.1.1.65|g__Bacteroides|s__Bacteroides_stercoris	0.000274159
4.1.2.13	0.000771112
4.1.2.13|g__Bacteroides|s__Bacteroides_ovatus	0.000342862
4.1.2.13|g__Faecalibacterium|s__Faecalibacterium_prausnitzii	0.00042825
4.1.2.25	0.00487073
4.1.2.25|g__Alistipes|s__Alistipes_putredinis	0.00386407
4.1.2.25|g__Bacteroides|s__Bacteroides_ovatus	0.00100667
4.1.2.4	0.000968716
4.1.2.4|g__Bacteroides|s__Bacteroides_ovatus	0.000407312
4.1.2.4|g__Faecalibacterium|s__Faecalibacterium_prausnitzii	0.000561077
4.1.3.3	0.000463911
4.1.3.3|g__Bacteroides|s__Bacteroides_ovatus	0.000463911
4.1.3.36	0.00134986
4.1.3.36|g__Bacteroides|s__Bacteroides_stercoris	0.00134986
4.1.99.17	0.00399199
4.1.99.17|g__Bacteroides|s__Bacteroides_cellulosilyticus	0.000201857
4.1.99.17|g__Bacteroides|s__Bacteroides_stercoris	0.00338085
4.1.99.17|g__Parabacteroides|s__Parabacteroides_distasonis	0.000409275
4.2.1.1	0.0029441
4.2.1.1|g__Bacteroides|s__Bacteroides_ovatus	0.00147712
4.2.1.1|g__Bacteroides|s__Bacteroides_stercoris	0.00146698
4.2.1.10	0.00667468
4.2.1.10|g__Bacteroides|s__Bacteroides_stercoris	0.00488186
4.2.1.10|g__Faecalibacterium|s__Faecalibacterium_prausnitzii	0.0017925
4.2.1.11	0.00516125
4.2.1.11|g__Alistipes|s__Alistipes_putredinis	0.00074952
4.2.1.11|g__Bacteroides|s__Bacteroides_ovatus	0.000549299
4.2.1.11|g__Bacteroides|s__Bacteroides_stercoris	0.00358925
4.2.1.11|g__Faecalibacterium|s__Faecalibacterium_prausnitzii	0.00027285
4.2.1.113	0.00069423
4.2.1.113|g__Bacteroides|s__Bacteroides_stercoris	0.00069423
4.2.1.126	0.00402568
4.2.1.126|g__Bacteroides|s__Bacteroides_fragilis	0.00107177
4.2.1.126|g__Bacteroides|s__Bacteroides_stercoris	0.00295424
4.2.1.19	0.0006746
4.2.1.19|g__Faecalibacterium|s__Faecalibacterium_prausnitzii	0.0006746
4.2.1.20	0.0047487
4.2.1.20|g__Bacteroides|s__Bacteroides_cellulosilyticus	0.000721057
4.2.1.20|g__Bacteroides|s__Bacteroides_fragilis	0.000730872
4.2.1.20|g__Bacteroides|s__Bacteroides_ovatus	0.00199272
4.2.1.20|g__Bacteroides|s__Bacteroides_stercoris	0.00104952
4.2.1.20|g__Parabacteroides|s__Parabacteroides_distasonis	0.000254529
4.2.1.33	0.0035356
4.2.1.33|g__Bacteroides|s__Bacteroides_cellulosilyticus	0.000334356
4.2.1.33|g__Bacteroides|s__Bacteroides_stercoris	0.00200842
4.2.1.33|g__Faecalibacterium|s__Faecalibacterium_prausnitzii	0.000270233
4.2.1.33|g__Parabacteroides|s__Parabacteroides_distasonis	0.000922586
4.2.1.46	0.00218182
4.2.1.46|g__Bacteroides|s__Bacteroides_fragilis	0.0003108
4.2.1.46|g__Bacteroides|s__Bacteroides_ovatus	0.000933383
4.2.1.46|g__Bacteroides|s__Bacteroides_stercoris	0.000625854
4.2.1.46|g__Parabacteroides|s__Parabacteroides_distasonis	0.000311455
4.2.1.47	0.00265064
4.2.1.47|g__Bacteroides|s__Bacteroides_cellulosilyticus	0.000334356
4.2.1.47|g__Bacteroides|s__Bacteroides_ovatus	0.000321924
4.2.1.47|g__Bacteroides|s__Bacteroides_stercoris	0.00199436
4.2.1.7	0.000469145
4.2.1.7|g__Faecalibacterium|s__Faecalibacterium_prausnitzii	0.000469145
4.2.1.8	0.00574163
4.2.1.8|g__Bacteroides|s__Bacteroides_cellulosilyticus	0.000604589
4.2.1.8|g__Bacteroides|s__Bacteroides_ovatus	0.00119184
4.2.1.8|g__Bacteroides|s__Bacteroides_stercoris	0.00363211
4.2.1.8|g__Faecalibacterium|s__Faecalibacterium_prausnitzii	0.000313091
4.2.1.9	0.00263919
4.2.1.9|g__Bacteroides|s__Bacteroides_stercoris	0.0016757
4.2.1.9|g__Faecalibacterium|s__Faecalibacterium_prausnitzii	0.000775038
4.2.1.9|g__Parabacteroides|s__Parabacteroides_distasonis	0.000188443
4.2.3.1	0.002614
4.2.3.1|g__Bacteroides|s__Bacteroides_stercoris	0.002614
4.2.3.3	0.0037296
4.2.3.3|g__Alistipes|s__Alistipes_putredinis	0.00142543
4.2.3.3|g__Bacteroides|s__Bacteroides_cellulosilyticus	0.000367399
4.2.3.3|g__Bacteroides|s__Bacteroides_ovatus	0.000375578
4.2.3.3|g__Bacteroides|s__Bacteroides_stercoris	0.00156153
4.2.3.4	0.00543148
4.2.3.4|g__Bacteroides|s__Bacteroides_ovatus	0.00067002
4.2.3.4|g__Bacteroides|s__Bacteroides_stercoris	0.00401587
4.2.3.4|g__Faecalibacterium|s__Faecalibacterium_prausnitzii	0.000745594
4.2.3.5	0.00396549
4.2.3.5|g__Bacteroides|s__Bacteroides_fragilis	0.000168814
4.2.3.5|g__Bacteroides|s__Bacteroides_ovatus	0.00033501
4.2.3.5|g__Bacteroides|s__Bacteroides_stercoris	0.00299415
4.2.3.5|g__Faecalibacterium|s__Faecalibacterium_prausnitzii	0.000467509
4.2.99.18	0.00479843
4.2.99.18|g__Bacteroides|s__Bacteroides_fragilis	0.00113197
4.2.99.18|g__Bacteroides|s__Bacteroides_stercoris	0.00308837
4.2.99.18|g__Parabacteroides|s__Parabacteroides_distasonis	0.000578089
4.3.1.1	0.00146698
4.3.1.1|g__Bacteroides|s__Bacteroides_stercoris	0.00146698
4.3.1.17	0.000574817
4.3.1.17|g__Faecalibacterium|s__Faecalibacterium_prausnitzii	0.000574817
4.3.1.19	0.000591502
4.3.1.19|g__Faecalibacterium|s__Faecalibacterium_prausnitzii	0.000591502
4.3.1.3	0.00163874
4.3.1.3|g__Alistipes|s__Alistipes_putredinis	0.000236208
4.3.1.3|g__Bacteroides|s__Bacteroides_ovatus	0.000114505
4.3.1.3|g__Bacteroides|s__Bacteroides_stercoris	0.00128802
4.3.2.1	0.00205913
4.3.2.1|g__Bacteroides|s__Bacteroides_fragilis	0.000263035
4.3.2.1|g__Bacteroides|s__Bacteroides_ovatus	0.000783544
4.3.2.1|g__Bacteroides|s__Bacteroides_stercoris	0.000927821
4.3.2.1|g__Faecalibacterium|s__Faecalibacterium_prausnitzii	8.50612e-05
4.3.2.2	0.00235521
4.3.2.2|g__Bacteroides|s__Bacteroides_fragilis	0.000262381
4.3.2.2|g__Bacteroides|s__Bacteroides_ovatus	0.000258782
4.3.2.2|g__Bacteroides|s__Bacteroides_stercoris	0.00183405
4.3.3.7	0.00202118
4.3.3.7|g__Bacteroides|s__Bacteroides_cellulosilyticus	0.000411892
4.3.3.7|g__Bacteroides|s__Bacteroides_fragilis	0.000411892
4.3.3.7|g__Bacteroides|s__Bacteroides_ovatus	0.000799575
4.3.3.7|g__Bacteroides|s__Bacteroides_stercoris	0.000397497
4.3.99.3	0.00241508
4.3.99.3|g__Bacteroides|s__Bacteroides_ovatus	0.000363146
4.3.99.3|g__Bacteroides|s__Bacteroides_stercoris	0.00205194
4.4.1.21	0.00168192
4.4.1.21|g__Bacteroides|s__Bacteroides_stercoris	0.00168192
4.6.1.12	0.00416113
4.6.1.12|g__Bacteroides|s__Bacteroides_cellulosilyticus	0.000790087
4.6.1.12|g__Bacteroides|s__Bacteroides_fragilis	0.000790087
4.6.1.12|g__Bacteroides|s__Bacteroides_stercoris	0.00258062
4.99.1.3	0.000284301
4.99.1.3|g__Faecalibacterium|s__Faecalibacterium_prausnitzii	0.000284301
5.1.1.1	0.000291171
5.1.1.1|g__Faecalibacterium|s__Faecalibacterium_prausnitzii	0.000291171
5.1.1.3	0.00442972
5.1.1.3|g__Bacteroides|s__Bacteroides_stercoris	0.00353167
5.1.1.3|g__Faecalibacterium|s__Faecalibacterium_prausnitzii	0.00089805
5.1.1.7	0.00133121
5.1.1.7|g__Bacteroides|s__Bacteroides_cellulosilyticus	0.000453114
5.1.1.7|g__Bacteroides|s__Bacteroides_fragilis	0.00087842
5.1.3.1	0.00204997
5.1.3.1|g__Alistipes|s__Alistipes_putredinis	0.000295424
5.1.3.1|g__Bacteroides|s__Bacteroides_ovatus	0.000593792
5.1.3.1|g__Bacteroides|s__Bacteroides_stercoris	0.00116108
5.1.3.11	0.00151016
5.1.3.11|g__Bacteroides|s__Bacteroides_fragilis	0.00151016
5.1.3.2	0.000353331
5.1.3.2|g__Faecalibacterium|s__Faecalibacterium_prausnitzii	0.000353331
5.1.3.3	0.00974016
5.1.3.3|g__Bacteroides|s__Bacteroides_cellulosilyticus	0.0031224
5.1.3.3|g__Bacteroides|s__Bacteroides_fragilis	0.00130045
5.1.3.3|g__Bacteroides|s__Bacteroides_ovatus	0.000629125
5.1.3.3|g__Bacteroides|s__Bacteroides_stercoris	0.00143393
5.1.3.3|unclassified	0.00325392
5.1.3.9	0.000539811
5.1.3.9|g__Faecalibacterium|s__Faecalibacterium_prausnitzii	0.000539811
5.2.1.8	0.0180889
5.2.1.8|g__Alistipes|s__Alistipes_putredinis	0.000998487
5.2.1.8|g__Bacteroides|s__Bacteroides_fragilis	0.00142118
5.2.1.8|g__Bacteroides|s__Bacteroides_ovatus	0.00269382
5.2.1.8|g__Bacteroides|s__Bacteroides_stercoris	0.0117718
5.2.1.8|g__Faecalibacterium|s__Faecalibacterium_prausnitzii	0.000273504
5.2.1.8|g__Parabacteroides|s__Parabacteroides_distasonis	0.000929784
5.3.1.1	0.00459625
5.3.1.1|g__Alistipes|s__Alistipes_putredinis	0.000161616
5.3.1.1|g__Bacteroides|s__Bacteroides_cellulosilyticus	0.000498589
5.3.1.1|g__Bacteroides|s__Bacteroides_ovatus	0.000498589
5.3.1.1|g__Bacteroides|s__Bacteroides_stercoris	0.00343713
5.3.1.12	0.00211966
5.3.1.12|g__Bacteroides|s__Bacteroides_fragilis	0.000250276
5.3.1.12|g__Bacteroides|s__Bacteroides_stercoris	0.00186938
5.3.1.14	0.00365403
5.3.1.14|g__Bacteroides|s__Bacteroides_ovatus	0.000835235
5.3.1.14|g__Bacteroides|s__Bacteroides_stercoris	0.0028188
5.3.1.16	0.0044294
5.3.1.16|g__Bacteroides|s__Bacteroides_stercoris	0.0036452
5.3.1.16|g__Faecalibacterium|s__Faecalibacterium_prausnitzii	0.000783871
5.3.1.17	0.00441729
5.3.1.17|g__Bacteroides|s__Bacteroides_stercoris	0.00441729
5.3.1.24	0.0018419
5.3.1.24|g__Bacteroides|s__Bacteroides_cellulosilyticus	0.000603607
5.3.1.24|g__Bacteroides|s__Bacteroides_ovatus	0.000624218
5.3.1.24|g__Bacteroides|s__Bacteroides_stercoris	0.000613749
5.3.1.4	0.000686051
5.3.1.4|g__Bacteroides|s__Bacteroides_ovatus	0.000686051
5.3.1.5	0.000534904
5.3.1.5|g__Bacteroides|s__Bacteroides_ovatus	0.000268924
5.3.1.5|g__Parabacteroides|s__Parabacteroides_distasonis	0.000266307
5.3.1.6	0.00134658
5.3.1.6|g__Bacteroides|s__Bacteroides_cellulosilyticus	0.00054341
5.3.1.6|g__Parabacteroides|s__Parabacteroides_distasonis	0.000802847
5.3.1.8	0.000200548
5.3.1.8|g__Bacteroides|s__Bacteroides_ovatus	0.000200548
5.3.1.9	0.00105705
5.3.1.9|g__Bacteroides|s__Bacteroides_ovatus	0.00105705
5.4.2.11	0.00100667
5.4.2.11|g__Bacteroides|s__Bacteroides_stercoris	0.000755081
5.4.2.11|g__Parabacteroides|s__Parabacteroides_distasonis	0.000251585
5.4.2.12	0.00311258
5.4.2.12|g__Alistipes|s__Alistipes_putredinis	0.000453769
5.4.2.12|g__Bacteroides|s__Bacteroides_cellulosilyticus	0.000462275
5.4.2.12|g__Bacteroides|s__Bacteroides_fragilis	0.000460639
5.4.2.12|g__Bacteroides|s__Bacteroides_ovatus	0.000922914
5.4.2.12|g__Bacteroides|s__Bacteroides_stercoris	0.000582996
5.4.2.12|g__Parabacteroides|s__Parabacteroides_distasonis	0.000229665
5.4.2.7	0.000605897
5.4.2.7|g__Faecalibacterium|s__Faecalibacterium_prausnitzii	0.000605897
5.4.2.8	0.000802847
5.4.2.8|g__Bacteroides|s__Bacteroides_fragilis	0.00059641
5.4.2.8|g__Faecalibacterium|s__Faecalibacterium_prausnitzii	0.000206764
5.4.4.2	0.000798266
5.4.4.2|g__Bacteroides|s__Bacteroides_ovatus	0.000798266
5.4.99.12	0.00248935
5.4.99.12|g__Alistipes|s__Alistipes_putredinis	0.000304912
5.4.99.12|g__Bacteroides|s__Bacteroides_ovatus	0.000692267
5.4.99.12|g__Bacteroides|s__Bacteroides_stercoris	0.00149184
5.4.99.16	0.00027972
5.4.99.16|g__Faecalibacterium|s__Faecalibacterium_prausnitzii	0.00027972
5.4.99.18	0.00554173
5.4.99.18|g__Alistipes|s__Alistipes_putredinis	0.00175913
5.4.99.18|g__Bacteroides|s__Bacteroides_ovatus	0.0018684
5.4.99.18|g__Bacteroides|s__Bacteroides_stercoris	0.00118857
5.4.99.18|g__Faecalibacterium|s__Faecalibacterium_prausnitzii	0.00072531
5.4.99.25	0.00256001
5.4.99.25|g__Bacteroides|s__Bacteroides_stercoris	0.00235979
5.4.99.25|g__Faecalibacterium|s__Faecalibacterium_prausnitzii	0.000199894
5.4.99.5	0.00301411
5.4.99.5|g__Bacteroides|s__Bacteroides_cellulosilyticus	0.000337955
5.4.99.5|g__Bacteroides|s__Bacteroides_stercoris	0.00267616
5.99.1.2	0.00347638
5.99.1.2|g__Alistipes|s__Alistipes_putredinis	0.000446571
5.99.1.2|g__Bacteroides|s__Bacteroides_fragilis	0.000886926
5.99.1.2|g__Bacteroides|s__Bacteroides_ovatus	0.000163579
5.99.1.2|g__Faecalibacterium|s__Faecalibacterium_prausnitzii	0.00197931
5.99.1.3	0.000724656
5.99.1.3|g__Alistipes|s__Alistipes_putredinis	0.000527379
5.99.1.3|g__Faecalibacterium|s__Faecalibacterium_prausnitzii	0.000197276
6.1.1.1	0.00437149
6.1.1.1|g__Alistipes|s__Alistipes_putredinis	0.00109369
6.1.1.1|g__Bacteroides|s__Bacteroides_fragilis	0.000546682
6.1.1.1|g__Bacteroides|s__Bacteroides_ovatus	0.000274159
6.1.1.1|g__Bacteroides|s__Bacteroides_stercoris	0.0021828
6.1.1.1|g__Parabacteroides|s__Parabacteroides_distasonis	0.000274159
6.1.1.10	0.000673946
6.1.1.10|g__Alistipes|s__Alistipes_putredinis	0.000501534
6.1.1.10|g__Faecalibacterium|s__Faecalibacterium_prausnitzii	0.000172412
6.1.1.11	0.00108093
6.1.1.11|g__Bacteroides|s__Bacteroides_ovatus	0.000556823
6.1.1.11|g__Faecalibacterium|s__Faecalibacterium_prausnitzii	0.000524108
6.1.1.12	0.000188443
6.1.1.12|g__Bacteroides|s__Bacteroides_ovatus	0.000188443
6.1.1.14	0.0024828
6.1.1.14|g__Bacteroides|s__Bacteroides_cellulosilyticus	0.000226721
6.1.1.14|g__Bacteroides|s__Bacteroides_fragilis	0.000226721
6.1.1.14|g__Bacteroides|s__Bacteroides_stercoris	0.00190799
6.1.1.14|g__Faecalibacterium|s__Faecalibacterium_prausnitzii	0.000121049
6.1.1.15	0.00235161
6.1.1.15|g__Alistipes|s__Alistipes_putredinis	0.000472417
6.1.1.15|g__Bacteroides|s__Bacteroides_cellulosilyticus	0.000234573
6.1.1.15|g__Bacteroides|s__Bacteroides_fragilis	0.000234573
6.1.1.15|g__Bacteroides|s__Bacteroides_ovatus	0.000469472
6.1.1.15|g__Bacteroides|s__Bacteroides_stercoris	0.000704045
6.1.1.15|g__Parabacteroides|s__Parabacteroides_distasonis	0.000236863
6.1.1.16	0.0052944
6.1.1.16|g__Alistipes|s__Alistipes_putredinis	0.000238171
6.1.1.16|g__Bacteroides|s__Bacteroides_cellulosilyticus	0.000237844
6.1.1.16|g__Bacteroides|s__Bacteroides_ovatus	0.000473398
6.1.1.16|g__Bacteroides|s__Bacteroides_stercoris	0.00398119
6.1.1.16|g__Faecalibacterium|s__Faecalibacterium_prausnitzii	0.000127265
6.1.1.16|g__Parabacteroides|s__Parabacteroides_distasonis	0.000236863
6.1.1.17	0.00276416
6.1.1.17|g__Alistipes|s__Alistipes_putredinis	0.000454423
6.1.1.17|g__Bacteroides|s__Bacteroides_cellulosilyticus	0.000229338
6.1.1.17|g__Bacteroides|s__Bacteroides_ovatus	0.000229665
6.1.1.17|g__Bacteroides|s__Bacteroides_stercoris	0.00160275
6.1.1.17|g__Faecalibacterium|s__Faecalibacterium_prausnitzii	0.000247986
6.1.1.18	0.000209708
6.1.1.18|g__Faecalibacterium|s__Faecalibacterium_prausnitzii	0.000209708
6.1.1.19	0.00302654
6.1.1.19|g__Bacteroides|s__Bacteroides_stercoris	0.00264704
6.1.1.19|g__Faecalibacterium|s__Faecalibacterium_prausnitzii	0.000379504
6.1.1.2	0.000315708
6.1.1.2|g__Faecalibacterium|s__Faecalibacterium_prausnitzii	0.000315708
6.1.1.20	0.00273046
6.1.1.20|g__Alistipes|s__Alistipes_putredinis	0.000348096
6.1.1.20|g__Bacteroides|s__Bacteroides_stercoris	0.00209937
6.1.1.20|g__Faecalibacterium|s__Faecalibacterium_prausnitzii	0.000282992
6.1.1.21	0.00309819
6.1.1.21|g__Alistipes|s__Alistipes_putredinis	0.000525743
6.1.1.21|g__Bacteroides|s__Bacteroides_fragilis	0.000506768
6.1.1.21|g__Bacteroides|s__Bacteroides_ovatus	0.000517237
6.1.1.21|g__Bacteroides|s__Bacteroides_stercoris	0.00154844
6.1.1.22	0.00175946
6.1.1.22|g__Bacteroides|s__Bacteroides_ovatus	0.00025093
6.1.1.22|g__Bacteroides|s__Bacteroides_stercoris	0.0010011
6.1.1.22|g__Faecalibacterium|s__Faecalibacterium_prausnitzii	0.00050775
6.1.1.4	0.000238826
6.1.1.4|g__Bacteroides|s__Bacteroides_cellulosilyticus	0.000238826
6.1.1.6	0.00260287
6.1.1.6|g__Alistipes|s__Alistipes_putredinis	0.000599354
6.1.1.6|g__Bacteroides|s__Bacteroides_cellulosilyticus	0.000200548
6.1.1.6|g__Bacteroides|s__Bacteroides_fragilis	0.000396843
6.1.1.6|g__Bacteroides|s__Bacteroides_stercoris	0.00140613
6.2.1.3	0.00099816
6.2.1.3|g__Bacteroides|s__Bacteroides_ovatus	0.00099816
6.2.1.30	0.00543901
6.2.1.30|g__Bacteroides|s__Bacteroides_cellulosilyticus	0.00027285
6.2.1.30|g__Bacteroides|s__Bacteroides_fragilis	0.00027285
6.2.1.30|g__Bacteroides|s__Bacteroides_ovatus	0.000958247
6.2.1.30|g__Bacteroides|s__Bacteroides_stercoris	0.00393506
6.2.1.5	0.00231824
6.2.1.5|g__Bacteroides|s__Bacteroides_cellulosilyticus	0.000311782
6.2.1.5|g__Bacteroides|s__Bacteroides_fragilis	0.000424979
6.2.1.5|g__Bacteroides|s__Bacteroides_ovatus	0.00158148
6.3.1.1	0.000348751
6.3.1.1|g__Bacteroides|s__Bacteroides_ovatus	0.000348751
6.3.1.2	0.000536213
6.3.1.2|g__Faecalibacterium|s__Faecalibacterium_prausnitzii	0.000536213
6.3.2.1	0.00109238
6.3.2.1|g__Bacteroides|s__Bacteroides_fragilis	0.000436756
6.3.2.1|g__Bacteroides|s__Bacteroides_ovatus	0.000217233
6.3.2.1|g__Bacteroides|s__Bacteroides_stercoris	0.000438392
6.3.2.10	0.00238073
6.3.2.10|g__Alistipes|s__Alistipes_putredinis	0.000257801
6.3.2.10|g__Bacteroides|s__Bacteroides_ovatus	0.000820513
6.3.2.10|g__Bacteroides|s__Bacteroides_stercoris	0.00130242
6.3.2.4	0.00419384
6.3.2.4|g__Bacteroides|s__Bacteroides_ovatus	0.000373942
6.3.2.4|g__Bacteroides|s__Bacteroides_stercoris	0.00349013
6.3.2.4|g__Faecalibacterium|s__Faecalibacterium_prausnitzii	0.000329776
6.3.2.6	0.00132139
6.3.2.6|g__Bacteroides|s__Bacteroides_ovatus	0.000386374
6.3.2.6|g__Bacteroides|s__Bacteroides_stercoris	0.00051004
6.3.2.6|g__Faecalibacterium|s__Faecalibacterium_prausnitzii	0.000424979
6.3.2.8	0.00175848
6.3.2.8|g__Bacteroides|s__Bacteroides_fragilis	0.000505132
6.3.2.8|g__Faecalibacterium|s__Faecalibacterium_prausnitzii	0.00075868
6.3.2.8|g__Parabacteroides|s__Parabacteroides_distasonis	0.000494663
6.3.2.9	0.00303865
6.3.2.9|g__Bacteroides|s__Bacteroides_cellulosilyticus	0.00013119
6.3.2.9|g__Bacteroides|s__Bacteroides_fragilis	0.000264998
6.3.2.9|g__Bacteroides|s__Bacteroides_ovatus	0.000264998
6.3.2.9|g__Bacteroides|s__Bacteroides_stercoris	0.00211115
6.3.2.9|g__Parabacteroides|s__Parabacteroides_distasonis	0.000266961
6.3.3.1	0.000856501
6.3.3.1|g__Alistipes|s__Alistipes_putredinis	0.000169468
6.3.3.1|g__Faecalibacterium|s__Faecalibacterium_prausnitzii	0.000687032
6.3.3.2	0.00221911
6.3.3.2|g__Alistipes|s__Alistipes_putredinis	0.000748538
6.3.3.2|g__Bacteroides|s__Bacteroides_fragilis	0.000504478
6.3.3.2|g__Bacteroides|s__Bacteroides_ovatus	0.000389973
6.3.3.2|g__Bacteroides|s__Bacteroides_stercoris	0.000576126
6.3.3.3	0.00542756
6.3.3.3|g__Bacteroides|s__Bacteroides_cellulosilyticus	0.00116567
6.3.3.3|g__Bacteroides|s__Bacteroides_fragilis	0.000603607
6.3.3.3|g__Bacteroides|s__Bacteroides_ovatus	0.000230647
6.3.3.3|g__Bacteroides|s__Bacteroides_stercoris	0.00342764
6.3.4.13	0.00444314
6.3.4.13|g__Alistipes|s__Alistipes_putredinis	0.000281029
6.3.4.13|g__Bacteroides|s__Bacteroides_cellulosilyticus	0.00027972
6.3.4.13|g__Bacteroides|s__Bacteroides_fragilis	0.000278412
6.3.4.13|g__Bacteroides|s__Bacteroides_ovatus	0.000556823
6.3.4.13|g__Bacteroides|s__Bacteroides_stercoris	0.00304715
6.3.4.14	0.000693576
6.3.4.14|g__Bacteroides|s__Bacteroides_fragilis	0.000231301
6.3.4.14|g__Bacteroides|s__Bacteroides_ovatus	0.000462275
6.3.4.15	0.000489756
6.3.4.15|g__Faecalibacterium|s__Faecalibacterium_prausnitzii	0.000489756
6.3.4.18	0.00130438
6.3.4.18|g__Alistipes|s__Alistipes_putredinis	0.00130438
6.3.4.19	0.0033766
6.3.4.19|g__Alistipes|s__Alistipes_putredinis	0.0007806
6.3.4.19|g__Bacteroides|s__Bacteroides_ovatus	0.000135771
6.3.4.19|g__Bacteroides|s__Bacteroides_stercoris	0.00246056
6.3.4.2	0.00224398
6.3.4.2|g__Alistipes|s__Alistipes_putredinis	0.000628798
6.3.4.2|g__Bacteroides|s__Bacteroides_ovatus	0.000214289
6.3.4.2|g__Bacteroides|s__Bacteroides_stercoris	0.00140089
6.3.4.20	0.00323003
6.3.4.20|g__Bacteroides|s__Bacteroides_fragilis	0.000584305
6.3.4.20|g__Bacteroides|s__Bacteroides_ovatus	0.000584305
6.3.4.20|g__Bacteroides|s__Bacteroides_stercoris	0.00206142
6.3.4.21	0.0009095
6.3.4.21|g__Bacteroides|s__Bacteroides_fragilis	0.000602953
6.3.4.21|g__Bacteroides|s__Bacteroides_ovatus	0.000306547
6.3.4.3	0.00145258
6.3.4.3|g__Alistipes|s__Alistipes_putredinis	0.000410911
6.3.4.3|g__Bacteroides|s__Bacteroides_fragilis	0.000208727
6.3.4.3|g__Bacteroides|s__Bacteroides_ovatus	0.000625527
6.3.4.3|g__Parabacteroides|s__Parabacteroides_distasonis	0.000207418
6.3.4.4	0.000911463
6.3.4.4|g__Alistipes|s__Alistipes_putredinis	0.000280702
6.3.4.4|g__Bacteroides|s__Bacteroides_stercoris	0.000630761
6.3.4.5	0.000582015
6.3.4.5|g__Faecalibacterium|s__Faecalibacterium_prausnitzii	0.000582015
6.3.5.2	0.00309819
6.3.5.2|g__Alistipes|s__Alistipes_putredinis	0.000451151
6.3.5.2|g__Bacteroides|s__Bacteroides_fragilis	0.000229665
6.3.5.2|g__Bacteroides|s__Bacteroides_ovatus	0.0013119
6.3.5.2|g__Faecalibacterium|s__Faecalibacterium_prausnitzii	0.000110907
6.3.5.2|g__Parabacteroides|s__Parabacteroides_distasonis	0.000994888
6.3.5.4	0.000221813
6.3.5.4|g__Faecalibacterium|s__Faecalibacterium_prausnitzii	0.000221813
6.3.5.5	0.00212555
6.3.5.5|g__Bacteroides|s__Bacteroides_ovatus	0.000302294
6.3.5.5|g__Bacteroides|s__Bacteroides_stercoris	0.00153176
6.3.5.5|g__Parabacteroides|s__Parabacteroides_distasonis	0.000291498
6.4.1.1	0.00291531
6.4.1.1|g__Bacteroides|s__Bacteroides_ovatus	0.000388337
6.4.1.1|g__Bacteroides|s__Bacteroides_stercoris	0.00252697
6.4.1.2	0.000693576
6.4.1.2|g__Bacteroides|s__Bacteroides_fragilis	0.000231301
6.4.1.2|g__Bacteroides|s__Bacteroides_ovatus	0.000462275
6.4.1.3	0.000223776
6.4.1.3|g__Alistipes|s__Alistipes_putredinis	0.000223776
6.5.1.1	0.000265653
6.5.1.1|g__Faecalibacterium|s__Faecalibacterium_prausnitzii	0.000265653
6.5.1.2	0.000332393
6.5.1.2|g__Alistipes|s__Alistipes_putredinis	0.000161943
6.5.1.2|g__Bacteroides|s__Bacteroides_cellulosilyticus	0.000170122
